chrom	start	end	target	snvlib_count	D05_R1	D05_R2	D05_R3	D13_R1	D13_R2	D13_R3
chr7	152676022	152676024	XRCC2_X1	1104	227	185	304	124	165	294
chr7	152676023	152676025	XRCC2_X1	1331	188	369	256	383	288	296
chr7	152676025	152676027	XRCC2_X1	1172	133	176	317	275	237	216
chr7	152676026	152676028	XRCC2_X1	1900	419	398	302	513	455	528
chr7	152676027	152676029	XRCC2_X1	1715	222	604	342	412	403	399
chr7	152676028	152676030	XRCC2_X1	7776	1710	1611	1577	1683	1388	2195
chr7	152676033	152676035	XRCC2_X1	2211	387	645	489	452	669	544
chr7	152676034	152676036	XRCC2_X1	2250	595	460	246	375	386	593
chr7	152676035	152676037	XRCC2_X1	1465	103	306	391	160	39	40
chr7	152676036	152676038	XRCC2_X1	2122	274	644	449	446	633	465
chr7	152676037	152676039	XRCC2_X1	1294	135	403	315	87	103	58
chr7	152676038	152676040	XRCC2_X1	3694	753	731	423	165	156	256
chr7	152676040	152676042	XRCC2_X1	3167	546	777	423	190	161	326
chr7	152676042	152676044	XRCC2_X1	1280	406	289	222	196	144	249
chr7	152676043	152676045	XRCC2_X1	1938	366	312	601	366	222	287
chr7	152676044	152676046	XRCC2_X1	1791	431	346	276	190	297	281
chr7	152676045	152676047	XRCC2_X1	1781	469	524	476	471	256	508
chr7	152676046	152676048	XRCC2_X1	1553	285	362	248	303	225	247
chr7	152676047	152676049	XRCC2_X1	2698	717	595	414	305	552	580
chr7	152676048	152676050	XRCC2_X1	2350	619	485	564	531	384	459
chr7	152676049	152676051	XRCC2_X1	1278	524	370	252	339	218	293
chr7	152676050	152676052	XRCC2_X1	1617	422	477	604	334	345	376
chr7	152676051	152676053	XRCC2_X1	1020	212	432	229	211	267	201
chr7	152676052	152676054	XRCC2_X1	1433	390	431	428	324	246	493
chr7	152676053	152676055	XRCC2_X1	1972	750	725	699	332	416	629
chr7	152676054	152676056	XRCC2_X1	2981	909	851	803	844	593	656
chr7	152676055	152676057	XRCC2_X1	3645	1349	1084	1434	1257	1272	1816
chr7	152676058	152676060	XRCC2_X1	2002	819	539	900	902	887	1090
chr7	152676059	152676061	XRCC2_X1	2485	874	820	892	1083	849	1186
chr7	152676060	152676062	XRCC2_X1	1864	679	943	497	605	714	1073
chr7	152676061	152676063	XRCC2_X1	2028	562	470	480	474	503	873
chr7	152676062	152676064	XRCC2_X1	3445	597	1156	901	1099	962	1055
chr7	152676065	152676067	XRCC2_X1	4078	841	1372	1121	1536	1321	1217
chr7	152676067	152676069	XRCC2_X1	1869	567	681	394	556	674	663
chr7	152676068	152676070	XRCC2_X1	2736	870	713	696	762	748	899
chr7	152676069	152676071	XRCC2_X1	1074	343	394	364	336	342	619
chr7	152676070	152676072	XRCC2_X1	2005	545	696	544	511	518	762
chr7	152676071	152676073	XRCC2_X1	5051	1252	1685	1606	1473	1506	2083
chr7	152676074	152676076	XRCC2_X1	1612	559	540	591	545	413	619
chr7	152676075	152676077	XRCC2_X1	1751	499	264	518	205	127	170
chr7	152676076	152676078	XRCC2_X1	1704	586	464	493	295	184	171
chr7	152676077	152676079	XRCC2_X1	3979	777	1041	1051	423	449	267
chr7	152676079	152676081	XRCC2_X1	1763	666	600	451	124	134	185
chr7	152676080	152676082	XRCC2_X1	4068	1530	1175	1172	1205	991	2112
chr7	152676082	152676084	XRCC2_X1	5001	1495	1445	1450	1787	1356	2246
chr7	152676084	152676086	XRCC2_X1	1531	616	499	429	405	383	689
chr7	152676085	152676087	XRCC2_X1	2074	725	688	677	633	1062	923
chr7	152676086	152676088	XRCC2_X1	3038	1145	963	1151	1143	1103	1490
chr7	152676088	152676090	XRCC2_X1	1600	589	471	554	519	361	557
chr7	152676089	152676091	XRCC2_X1	2319	505	768	556	696	609	558
chr7	152676090	152676092	XRCC2_X1	1459	489	534	456	370	451	639
chr7	152676091	152676093	XRCC2_X1	2461	695	897	676	579	559	1150
chr7	152676092	152676094	XRCC2_X1	1740	672	633	548	734	498	938
chr7	152676093	152676095	XRCC2_X1	4413	1299	1254	1161	1359	1306	2251
chr7	152676096	152676098	XRCC2_X1	2281	542	585	749	954	531	733
chr7	152676097	152676099	XRCC2_X1	3655	928	1288	921	1159	1211	1222
chr7	152676099	152676101	XRCC2_X1	5609	1267	1841	1708	1781	1785	1963
chr7	152676102	152676104	XRCC2_X1	1643	505	447	570	519	420	716
chr7	152676103	152676105	XRCC2_X1	1680	482	314	546	506	433	443
chr7	152676104	152676106	XRCC2_X1	1250	313	410	522	518	404	257
chr7	152676105	152676107	XRCC2_X1	1624	584	625	294	439	561	746
chr7	152676106	152676108	XRCC2_X1	1745	713	624	513	660	506	688
chr7	152676107	152676109	XRCC2_X1	2128	590	580	572	637	623	917
chr7	152676108	152676110	XRCC2_X1	2014	328	561	528	658	542	756
chr7	152676109	152676111	XRCC2_X1	2762	881	657	673	776	670	1005
chr7	152676111	152676113	XRCC2_X1	1655	363	529	458	373	460	723
chr7	152676112	152676114	XRCC2_X1	1304	388	417	330	481	449	543
chr7	152676113	152676115	XRCC2_X1	1024	283	519	388	379	335	464
chr7	152676114	152676116	XRCC2_X1	1623	503	762	513	507	798	589
chr7	152676115	152676117	XRCC2_X1	1876	738	727	484	777	758	908
chr7	152676116	152676118	XRCC2_X1	2140	762	739	512	549	762	848
chr7	152676117	152676119	XRCC2_X1	5018	1401	1542	1403	1516	1517	2363
chr7	152676120	152676122	XRCC2_X1	5720	1342	1752	1318	1460	1434	1654
chr7	152676124	152676126	XRCC2_X1	2680	1029	672	546	743	680	1125
chr7	152676126	152676128	XRCC2_X1	1486	424	598	611	564	775	326
chr7	152676127	152676129	XRCC2_X1	3763	1478	1214	1146	1101	1326	1717
chr7	152676129	152676131	XRCC2_X1	1601	327	488	424	488	465	568
chr7	152676130	152676132	XRCC2_X1	1705	467	399	288	409	399	555
chr7	152676131	152676133	XRCC2_X1	993	408	313	280	329	234	249
chr7	152676132	152676134	XRCC2_X1	1667	347	649	298	335	453	666
chr7	152676133	152676135	XRCC2_X1	1078	286	363	192	167	349	416
chr7	152676134	152676136	XRCC2_X1	3121	949	1077	824	894	759	989
chr7	152676137	152676139	XRCC2_X1	2090	740	768	471	776	803	829
chr7	152676139	152676141	XRCC2_X1	913	245	410	308	240	215	97
chr7	152676140	152676142	XRCC2_X1	1581	599	469	442	323	490	443
chr7	152660726	152660728	XRCC2_X2A	689	600	629	714	819	755	764
chr7	152660727	152660729	XRCC2_X2A	1801	1667	1494	1320	2167	1762	1948
chr7	152660729	152660731	XRCC2_X2A	1802	1294	1656	1469	1648	1658	1564
chr7	152660731	152660733	XRCC2_X2A	597	428	339	356	659	571	426
chr7	152660732	152660734	XRCC2_X2A	1113	737	1116	980	917	1112	1141
chr7	152660734	152660736	XRCC2_X2A	1167	887	829	994	976	1346	1070
chr7	152660735	152660737	XRCC2_X2A	2569	2389	2436	2259	2282	2654	2419
chr7	152660737	152660739	XRCC2_X2A	1494	1458	1281	1075	1421	1229	1401
chr7	152660738	152660740	XRCC2_X2A	3941	3388	3679	3433	2710	3679	3066
chr7	152660740	152660742	XRCC2_X2A	1758	1547	1434	1681	988	1427	897
chr7	152660741	152660743	XRCC2_X2A	3094	2541	2545	2980	2163	2898	1928
chr7	152660743	152660745	XRCC2_X2A	1426	1266	1278	1357	1347	1513	984
chr7	152660744	152660746	XRCC2_X2A	4378	3751	3885	3799	3952	4846	3866
chr7	152660747	152660749	XRCC2_X2A	1334	1213	1083	1128	1165	1269	1066
chr7	152660748	152660750	XRCC2_X2A	1237	881	1158	1050	840	1495	1166
chr7	152660749	152660751	XRCC2_X2A	1190	864	957	920	203	239	196
chr7	152660750	152660752	XRCC2_X2A	1152	951	933	1077	1068	1664	1021
chr7	152660751	152660753	XRCC2_X2A	1428	955	1237	1192	913	1526	1404
chr7	152660752	152660754	XRCC2_X2A	2517	2319	2295	2285	2637	2918	2535
chr7	152660754	152660756	XRCC2_X2A	1390	1079	1326	1103	1285	1309	1267
chr7	152660755	152660757	XRCC2_X2A	1385	1175	1118	967	1332	1243	1051
chr7	152660756	152660758	XRCC2_X2A	1741	1533	1371	1416	1969	1798	1655
chr7	152660760	152660762	XRCC2_X2A	7323	6072	5814	5789	6518	7392	6198
chr7	152660762	152660764	XRCC2_X2A	3294	2711	2733	2514	3340	3212	3191
chr7	152660766	152660768	XRCC2_X2A	1643	1342	1324	1049	1581	1543	1613
chr7	152660767	152660769	XRCC2_X2A	1610	1020	1007	1292	1214	1328	1025
chr7	152660768	152660770	XRCC2_X2A	1488	1056	1074	1295	936	1263	1106
chr7	152660769	152660771	XRCC2_X2A	1756	1148	1409	1163	1291	1370	1143
chr7	152660772	152660774	XRCC2_X2A	5591	4604	4245	4483	4162	4313	3755
chr7	152660773	152660775	XRCC2_X2A	1890	1216	1454	1465	1160	1736	1595
chr7	152660774	152660776	XRCC2_X2A	1596	1374	1191	1344	1130	1596	1296
chr7	152660776	152660778	XRCC2_X2A	1343	923	1011	1075	870	910	854
chr7	152660777	152660779	XRCC2_X2A	1693	1262	1209	1348	1220	1314	1188
chr7	152660778	152660780	XRCC2_X2A	4255	2987	3100	3780	3012	3991	2657
chr7	152660781	152660783	XRCC2_X2A	2123	1290	1528	1444	467	595	410
chr7	152660782	152660784	XRCC2_X2A	1656	1258	1012	1349	464	473	464
chr7	152660783	152660785	XRCC2_X2A	1524	1087	1339	1214	349	310	566
chr7	152660784	152660786	XRCC2_X2A	2978	2647	2765	2706	2838	3441	2641
chr7	152660786	152660788	XRCC2_X2A	3174	2399	2727	2604	3173	3776	2872
chr7	152660788	152660790	XRCC2_X2A	3042	2623	2111	2307	3118	3606	2210
chr7	152660790	152660792	XRCC2_X2A	8304	6030	6724	7393	7202	9272	7665
chr7	152660795	152660797	XRCC2_X2A	2089	1468	1741	1656	1733	2460	1999
chr7	152660796	152660798	XRCC2_X2A	1805	1543	1717	1497	1799	2064	1686
chr7	152660797	152660799	XRCC2_X2A	2328	1644	1707	1702	2335	2606	1762
chr7	152660798	152660800	XRCC2_X2A	5695	3898	5069	4556	4884	5704	5535
chr7	152660801	152660803	XRCC2_X2A	2747	2378	2372	2246	2517	2915	2792
chr7	152660803	152660805	XRCC2_X2A	1821	1267	1286	1197	1842	1273	1353
chr7	152660804	152660806	XRCC2_X2A	2734	1720	2106	2293	2213	3039	2662
chr7	152660806	152660808	XRCC2_X2A	1676	1488	1503	1294	1534	2135	1548
chr7	152660807	152660809	XRCC2_X2A	1498	1205	1318	942	1326	1314	1375
chr7	152660808	152660810	XRCC2_X2A	1977	1520	1545	1588	2052	2136	1842
chr7	152660809	152660811	XRCC2_X2A	3546	2635	2249	2686	3193	3552	2778
chr7	152660811	152660813	XRCC2_X2A	6040	4514	4943	3910	5606	5078	5754
chr7	152660815	152660817	XRCC2_X2A	1986	1096	1740	1398	1282	1976	1836
chr7	152660816	152660818	XRCC2_X2A	1999	1714	1342	1470	1844	1906	1724
chr7	152660817	152660819	XRCC2_X2A	1497	1137	890	1185	1397	1373	1391
chr7	152660818	152660820	XRCC2_X2A	5360	3669	3616	4149	4714	5638	4116
chr7	152660821	152660823	XRCC2_X2A	3728	2711	2686	2667	3289	3853	3345
chr7	152660823	152660825	XRCC2_X2A	1595	1209	1064	1241	1173	1694	1330
chr7	152660824	152660826	XRCC2_X2A	3269	2490	2392	2538	2937	3333	2618
chr7	152660826	152660828	XRCC2_X2A	3429	2323	2629	2663	2684	3452	2880
chr7	152660828	152660830	XRCC2_X2A	1629	1298	1180	1222	1490	1427	1332
chr7	152660829	152660831	XRCC2_X2A	1784	1151	1243	1644	1496	2252	1526
chr7	152660830	152660832	XRCC2_X2A	3378	2483	2378	2242	2816	3254	3000
chr7	152660832	152660834	XRCC2_X2A	1573	1011	1424	1430	1132	1765	1169
chr7	152660833	152660835	XRCC2_X2A	1280	829	967	846	882	1440	1161
chr7	152660834	152660836	XRCC2_X2A	1552	1098	950	1033	1351	1655	1169
chr7	152660835	152660837	XRCC2_X2A	1861	1400	1473	1365	1365	1865	1494
chr7	152660836	152660838	XRCC2_X2A	1635	994	931	911	1378	1282	1317
chr7	152660837	152660839	XRCC2_X2A	2999	2184	1951	2081	2691	2773	2175
chr7	152660839	152660841	XRCC2_X2A	1589	1265	1241	1225	1554	1782	1429
chr7	152660840	152660842	XRCC2_X2A	1470	1346	1028	970	1748	1356	1207
chr7	152660841	152660843	XRCC2_X2A	1640	1015	1138	1157	1187	1512	1459
chr7	152660842	152660844	XRCC2_X2A	1652	1206	1263	1170	1380	1218	1461
chr7	152660843	152660845	XRCC2_X2A	3084	2077	2084	2279	2033	3114	2379
chr7	152660845	152660847	XRCC2_X2A	1748	1047	1123	1104	1476	1471	1186
chr7	152660846	152660848	XRCC2_X2A	2332	1314	1592	1549	1844	2021	1746
chr7	152660655	152660657	XRCC2_X2B	6076	2124	2141	3328	5060	4135	3617
chr7	152660657	152660659	XRCC2_X2B	4899	2086	1677	2287	4015	3236	3207
chr7	152660659	152660661	XRCC2_X2B	5463	2252	2163	2443	4127	3988	3227
chr7	152660661	152660663	XRCC2_X2B	2535	723	955	1170	2094	2185	1286
chr7	152660662	152660664	XRCC2_X2B	4524	1752	1609	2202	3381	2898	3346
chr7	152660664	152660666	XRCC2_X2B	2091	722	734	988	1471	1335	1220
chr7	152660665	152660667	XRCC2_X2B	1746	689	531	944	1351	1328	1015
chr7	152660666	152660668	XRCC2_X2B	2401	895	916	879	1625	1753	1439
chr7	152660667	152660669	XRCC2_X2B	2162	899	711	975	1671	1604	1414
chr7	152660668	152660670	XRCC2_X2B	2383	859	921	1231	2058	1613	1473
chr7	152660669	152660671	XRCC2_X2B	2730	1038	788	1229	2049	2124	1862
chr7	152660670	152660672	XRCC2_X2B	2075	846	664	1140	1598	1447	1305
chr7	152660671	152660673	XRCC2_X2B	2392	1083	877	1044	1576	1588	1837
chr7	152660672	152660674	XRCC2_X2B	2611	1042	960	1495	2405	1911	1823
chr7	152660673	152660675	XRCC2_X2B	7227	2468	2506	3532	5799	5085	4710
chr7	152660676	152660678	XRCC2_X2B	2420	1095	999	1339	1970	1961	1577
chr7	152660677	152660679	XRCC2_X2B	5038	2036	2153	2688	4265	4359	3194
chr7	152660679	152660681	XRCC2_X2B	2810	1145	968	1186	2139	1987	1933
chr7	152660680	152660682	XRCC2_X2B	2461	1048	830	1470	2107	1653	1624
chr7	152660681	152660683	XRCC2_X2B	4581	1835	1534	2164	3582	3194	3192
chr7	152660683	152660685	XRCC2_X2B	2528	1017	971	1129	1860	1791	1579
chr7	152660684	152660686	XRCC2_X2B	1654	660	703	813	1417	1189	1004
chr7	152660686	152660688	XRCC2_X2B	5457	2030	1772	3078	4970	3810	3746
chr7	152660687	152660689	XRCC2_X2B	5436	2557	2045	2867	4446	4048	3870
chr7	152660690	152660692	XRCC2_X2B	2242	1131	838	1045	1684	1534	1543
chr7	152660691	152660693	XRCC2_X2B	5011	2064	1930	2643	4167	3952	3467
chr7	152660693	152660695	XRCC2_X2B	13213	5440	5550	7872	12523	11695	9987
chr7	152660697	152660699	XRCC2_X2B	2206	646	569	838	168	228	293
chr7	152660698	152660700	XRCC2_X2B	2555	707	697	1033	408	273	228
chr7	152660699	152660701	XRCC2_X2B	7471	2205	2097	3263	891	848	795
chr7	152660701	152660703	XRCC2_X2B	2417	705	787	1061	316	292	260
chr7	152660702	152660704	XRCC2_X2B	2491	731	865	1253	1638	1286	1043
chr7	152660703	152660705	XRCC2_X2B	2878	1157	1045	1576	2378	2493	1742
chr7	152660704	152660706	XRCC2_X2B	2452	1058	894	1169	2149	1699	1891
chr7	152660705	152660707	XRCC2_X2B	3113	1494	1298	1833	3287	3125	2348
chr7	152660706	152660708	XRCC2_X2B	2589	1226	1243	1568	2812	2383	2120
chr7	152660707	152660709	XRCC2_X2B	2133	919	919	1052	1585	1694	1606
chr7	152660708	152660710	XRCC2_X2B	3270	1549	1484	1739	2564	2879	2821
chr7	152660709	152660711	XRCC2_X2B	5333	2220	1954	2832	5378	4608	3892
chr7	152660711	152660713	XRCC2_X2B	2481	1313	1241	1285	2378	2877	2391
chr7	152660712	152660714	XRCC2_X2B	2572	1461	1128	1449	2515	2215	2178
chr7	152660713	152660715	XRCC2_X2B	3055	1643	1474	2023	3347	2593	2415
chr7	152660714	152660716	XRCC2_X2B	2111	1075	1006	1358	2211	1825	1810
chr7	152660715	152660717	XRCC2_X2B	7875	4119	3856	5150	8626	7974	6731
chr7	152660718	152660720	XRCC2_X2B	8756	5130	4498	6041	10629	9857	8429
chr7	152660722	152660724	XRCC2_X2B	8141	4715	4486	6129	9373	9138	7856
chr7	152660725	152660727	XRCC2_X2B	2116	1201	721	1591	2350	2183	1787
chr7	152660726	152660728	XRCC2_X2B	2501	1452	1291	1889	2572	2501	2108
chr7	152660727	152660729	XRCC2_X2B	4477	2668	2514	3368	4991	4916	3871
chr7	152660729	152660731	XRCC2_X2B	2086	998	1050	1418	2076	1939	1526
chr7	152660730	152660732	XRCC2_X2B	2184	1424	943	1409	2657	1835	1938
chr7	152660731	152660733	XRCC2_X2B	2325	1164	1280	1673	2880	2315	1845
chr7	152660732	152660734	XRCC2_X2B	2715	1477	1553	1897	3740	2772	2482
chr7	152660734	152660736	XRCC2_X2B	2040	1137	1073	1587	1946	1508	1499
chr7	152660735	152660737	XRCC2_X2B	4540	2692	2194	3011	4495	3521	3280
chr7	152660737	152660739	XRCC2_X2B	1645	1104	788	1207	1707	1468	1380
chr7	152660738	152660740	XRCC2_X2B	3668	2074	1794	2718	3040	2811	2513
chr7	152660740	152660742	XRCC2_X2B	1711	925	758	1171	1136	1104	775
chr7	152660741	152660743	XRCC2_X2B	3889	2128	2033	2640	2509	2777	2165
chr7	152660743	152660745	XRCC2_X2B	2276	1527	1076	1868	2546	2083	1879
chr7	152660744	152660746	XRCC2_X2B	7397	4228	4086	5506	7999	8020	6520
chr7	152660747	152660749	XRCC2_X2B	1952	1142	821	1468	2150	1695	1454
chr7	152660748	152660750	XRCC2_X2B	2852	1545	1175	1969	2737	2464	2103
chr7	152660749	152660751	XRCC2_X2B	2401	1137	1132	1618	314	434	290
chr7	152660750	152660752	XRCC2_X2B	1958	1348	1100	1420	1953	2014	1691
chr7	152660751	152660753	XRCC2_X2B	1890	1071	1114	1167	1890	1675	1369
chr7	152660752	152660754	XRCC2_X2B	4243	2420	2348	3229	5460	4717	3687
chr7	152660754	152660756	XRCC2_X2B	2127	1292	900	1720	2615	2354	1995
chr7	152660755	152660757	XRCC2_X2B	2306	1311	1080	1549	2439	2543	1689
chr7	152660756	152660758	XRCC2_X2B	2350	1448	1232	1769	2676	2553	2100
chr7	152660760	152660762	XRCC2_X2B	9763	5894	4692	6350	10680	10165	8804
chr7	152660762	152660764	XRCC2_X2B	3583	2011	1738	2194	4019	3452	2915
chr7	152660766	152660768	XRCC2_X2B	1906	951	960	1344	2136	1845	1746
chr7	152660767	152660769	XRCC2_X2B	822	560	333	401	666	689	617
chr7	152660768	152660770	XRCC2_X2B	1879	824	769	1362	1729	1409	1164
chr7	152660769	152660771	XRCC2_X2B	1859	1044	751	1406	1638	1389	1615
chr7	152660772	152660774	XRCC2_X2B	3088	2065	1283	2270	3336	2838	2545
chr7	152660773	152660775	XRCC2_X2B	1055	554	670	546	932	863	871
chr7	152660774	152660776	XRCC2_X2B	715	322	324	559	740	605	652
chr7	152649277	152649279	XRCC2_X3A	2323	329	345	329	147	119	167
chr7	152649278	152649280	XRCC2_X3A	2560	328	394	346	192	108	66
chr7	152649279	152649281	XRCC2_X3A	928	117	208	171	28	52	34
chr7	152649280	152649282	XRCC2_X3A	1484	261	309	228	105	58	65
chr7	152649281	152649283	XRCC2_X3A	2559	354	336	508	142	174	129
chr7	152649282	152649284	XRCC2_X3A	3601	441	562	601	197	201	110
chr7	152649283	152649285	XRCC2_X3A	2787	388	441	301	202	127	135
chr7	152649285	152649287	XRCC2_X3A	4393	832	788	588	434	282	266
chr7	152649287	152649289	XRCC2_X3A	3581	509	647	464	222	162	133
chr7	152649288	152649290	XRCC2_X3A	3376	492	445	530	209	112	163
chr7	152649289	152649291	XRCC2_X3A	3745	578	613	502	131	99	217
chr7	152649290	152649292	XRCC2_X3A	3617	651	528	515	190	208	153
chr7	152649291	152649293	XRCC2_X3A	4566	826	619	568	252	149	313
chr7	152649293	152649295	XRCC2_X3A	3135	460	363	470	256	132	206
chr7	152649295	152649297	XRCC2_X3A	2478	282	354	228	145	61	138
chr7	152649296	152649298	XRCC2_X3A	3106	480	477	393	315	147	186
chr7	152649299	152649301	XRCC2_X3A	3866	602	658	607	253	165	253
chr7	152649301	152649303	XRCC2_X3A	2961	441	586	371	216	144	103
chr7	152649302	152649304	XRCC2_X3A	3366	635	672	511	161	219	307
chr7	152649303	152649305	XRCC2_X3A	1834	348	261	271	128	133	112
chr7	152649304	152649306	XRCC2_X3A	2522	586	346	359	156	132	123
chr7	152649306	152649308	XRCC2_X3A	3274	501	628	459	245	111	142
chr7	152649308	152649310	XRCC2_X3A	3134	477	626	554	146	186	114
chr7	152649310	152649312	XRCC2_X3A	3959	862	615	613	271	83	257
chr7	152649311	152649313	XRCC2_X3A	2885	440	546	449	221	81	116
chr7	152649312	152649314	XRCC2_X3A	3801	690	803	676	205	128	150
chr7	152649314	152649316	XRCC2_X3A	3155	603	683	478	187	80	134
chr7	152649315	152649317	XRCC2_X3A	2959	617	695	355	233	58	146
chr7	152649316	152649318	XRCC2_X3A	4285	1118	1028	782	206	115	137
chr7	152649317	152649319	XRCC2_X3A	3790	845	897	841	194	167	183
chr7	152649319	152649321	XRCC2_X3A	3685	631	647	728	334	135	225
chr7	152649320	152649322	XRCC2_X3A	1893	325	561	470	85	93	56
chr7	152649322	152649324	XRCC2_X3A	3508	751	996	632	256	148	209
chr7	152649325	152649327	XRCC2_X3A	4081	842	1025	695	267	140	176
chr7	152649326	152649328	XRCC2_X3A	2386	544	776	578	226	96	275
chr7	152649328	152649330	XRCC2_X3A	3840	1047	909	779	210	158	198
chr7	152649329	152649331	XRCC2_X3A	3121	987	1005	893	629	319	467
chr7	152649331	152649333	XRCC2_X3A	3732	929	1181	773	1613	1069	1063
chr7	152649334	152649336	XRCC2_X3A	2836	744	856	617	217	250	159
chr7	152649337	152649339	XRCC2_X3A	3081	881	840	698	250	223	143
chr7	152649340	152649342	XRCC2_X3A	4407	1199	1452	1367	237	178	255
chr7	152649341	152649343	XRCC2_X3A	2416	791	564	675	184	142	184
chr7	152649343	152649345	XRCC2_X3A	3256	1119	995	994	189	197	121
chr7	152649344	152649346	XRCC2_X3A	3752	1105	1167	1134	301	117	172
chr7	152649346	152649348	XRCC2_X3A	5059	1620	1548	1312	470	281	267
chr7	152649347	152649349	XRCC2_X3A	1964	560	664	511	185	68	86
chr7	152649348	152649350	XRCC2_X3A	4409	1536	1423	1603	360	232	248
chr7	152649349	152649351	XRCC2_X3A	3577	1018	1073	828	388	220	200
chr7	152649350	152649352	XRCC2_X3A	3458	1242	897	819	422	191	224
chr7	152649351	152649353	XRCC2_X3A	2798	803	848	966	378	208	220
chr7	152649352	152649354	XRCC2_X3A	2664	899	879	930	225	121	130
chr7	152649353	152649355	XRCC2_X3A	3994	1502	1536	1052	1181	937	1054
chr7	152649356	152649358	XRCC2_X3A	4144	1477	1607	1423	416	265	420
chr7	152649358	152649360	XRCC2_X3A	4760	1581	2053	1598	4723	3880	4721
chr7	152649359	152649361	XRCC2_X3A	3759	1293	1392	1284	4303	3328	4097
chr7	152649361	152649363	XRCC2_X3A	1828	677	702	851	2068	1866	1618
chr7	152649363	152649365	XRCC2_X3A	4157	1421	1462	1396	375	257	351
chr7	152649364	152649366	XRCC2_X3A	1957	816	728	694	174	83	110
chr7	152649365	152649367	XRCC2_X3A	2713	803	1020	948	238	187	304
chr7	152649366	152649368	XRCC2_X3A	2616	1042	1278	1179	3058	2362	2924
chr7	152649367	152649369	XRCC2_X3A	2902	1108	1246	1154	3282	2585	3187
chr7	152649368	152649370	XRCC2_X3A	1704	710	839	697	1888	1786	1766
chr7	152649369	152649371	XRCC2_X3A	3259	1106	1302	1241	3919	2565	3239
chr7	152649370	152649372	XRCC2_X3A	1740	638	449	687	1679	1149	1263
chr7	152649372	152649374	XRCC2_X3A	2207	604	718	1030	2293	1856	2282
chr7	152649373	152649375	XRCC2_X3A	4140	1324	1827	1800	4382	3905	4220
chr7	152649374	152649376	XRCC2_X3A	3513	1066	1324	1358	3344	2534	3229
chr7	152649375	152649377	XRCC2_X3A	3870	1651	1413	1465	4787	3526	4195
chr7	152649376	152649378	XRCC2_X3A	2849	996	1354	1161	3287	2505	3298
chr7	152649377	152649379	XRCC2_X3A	3027	1131	1505	1642	3319	2898	3729
chr7	152649380	152649382	XRCC2_X3A	2423	852	935	952	2685	2208	2553
chr7	152649381	152649383	XRCC2_X3A	5039	1626	2085	1713	5460	4324	4781
chr7	152649382	152649384	XRCC2_X3A	4712	1709	1969	1616	5170	4369	4808
chr7	152649383	152649385	XRCC2_X3A	3191	1072	1283	1147	3003	2749	2706
chr7	152649384	152649386	XRCC2_X3A	4377	1154	1382	1332	4621	3360	4118
chr7	152649385	152649387	XRCC2_X3A	3225	1054	1458	1105	3646	2910	3058
chr7	152649174	152649176	XRCC2_X3B	1561	341	285	250	717	750	969
chr7	152649175	152649177	XRCC2_X3B	1305	366	230	193	498	511	602
chr7	152649176	152649178	XRCC2_X3B	1466	405	233	253	637	647	894
chr7	152649177	152649179	XRCC2_X3B	2575	671	407	461	1223	1341	1616
chr7	152649178	152649180	XRCC2_X3B	2935	786	586	386	1361	1371	1709
chr7	152649179	152649181	XRCC2_X3B	1901	529	352	304	987	763	1353
chr7	152649180	152649182	XRCC2_X3B	2236	773	371	365	1242	961	1453
chr7	152649181	152649183	XRCC2_X3B	2368	618	419	240	110	159	120
chr7	152649182	152649184	XRCC2_X3B	1744	478	277	274	904	829	1003
chr7	152649183	152649185	XRCC2_X3B	1946	536	389	280	1053	1120	1331
chr7	152649184	152649186	XRCC2_X3B	2578	727	503	339	287	299	401
chr7	152649185	152649187	XRCC2_X3B	2667	899	580	295	1184	1315	1749
chr7	152649187	152649189	XRCC2_X3B	2014	530	344	407	362	442	534
chr7	152649188	152649190	XRCC2_X3B	2930	712	437	493	824	814	1188
chr7	152649189	152649191	XRCC2_X3B	2929	719	530	416	664	642	924
chr7	152649190	152649192	XRCC2_X3B	2356	592	401	412	502	554	752
chr7	152649191	152649193	XRCC2_X3B	1692	367	363	198	389	399	465
chr7	152649192	152649194	XRCC2_X3B	3026	962	511	515	537	633	876
chr7	152649194	152649196	XRCC2_X3B	1864	471	422	255	236	325	358
chr7	152649195	152649197	XRCC2_X3B	1348	292	245	254	177	264	296
chr7	152649196	152649198	XRCC2_X3B	2487	702	465	479	68	99	83
chr7	152649197	152649199	XRCC2_X3B	2722	829	509	436	224	190	181
chr7	152649200	152649202	XRCC2_X3B	2779	1025	601	586	135	172	198
chr7	152649201	152649203	XRCC2_X3B	2127	615	454	524	115	89	134
chr7	152649202	152649204	XRCC2_X3B	2282	828	516	465	167	123	170
chr7	152649204	152649206	XRCC2_X3B	2039	756	474	302	94	77	141
chr7	152649205	152649207	XRCC2_X3B	2216	904	483	392	75	77	164
chr7	152649206	152649208	XRCC2_X3B	1467	485	343	304	40	75	117
chr7	152649207	152649209	XRCC2_X3B	2368	863	557	565	186	99	118
chr7	152649209	152649211	XRCC2_X3B	2753	1086	604	600	119	129	201
chr7	152649210	152649212	XRCC2_X3B	2450	741	527	646	97	175	152
chr7	152649213	152649215	XRCC2_X3B	1663	596	393	404	86	60	122
chr7	152649214	152649216	XRCC2_X3B	2385	1064	675	560	96	116	171
chr7	152649219	152649221	XRCC2_X3B	1856	859	436	395	115	105	146
chr7	152649220	152649222	XRCC2_X3B	2598	1159	699	613	129	171	179
chr7	152649221	152649223	XRCC2_X3B	3076	1086	813	696	148	158	251
chr7	152649223	152649225	XRCC2_X3B	1415	549	423	267	60	79	59
chr7	152649224	152649226	XRCC2_X3B	3257	1344	1101	735	128	194	238
chr7	152649225	152649227	XRCC2_X3B	1453	674	346	363	75	103	79
chr7	152649226	152649228	XRCC2_X3B	1538	703	436	442	114	131	84
chr7	152649227	152649229	XRCC2_X3B	2407	934	614	632	555	562	731
chr7	152649230	152649232	XRCC2_X3B	2937	1282	920	812	1912	1939	2538
chr7	152649231	152649233	XRCC2_X3B	2761	1332	891	749	1795	2062	2442
chr7	152649233	152649235	XRCC2_X3B	3006	1501	911	914	1332	1299	1723
chr7	152649234	152649236	XRCC2_X3B	2497	1181	623	531	895	935	1162
chr7	152649235	152649237	XRCC2_X3B	1788	697	464	495	184	186	323
chr7	152649236	152649238	XRCC2_X3B	3003	1570	864	731	298	306	354
chr7	152649237	152649239	XRCC2_X3B	2864	1059	988	782	129	176	216
chr7	152649238	152649240	XRCC2_X3B	3516	1584	1152	1006	493	491	591
chr7	152649239	152649241	XRCC2_X3B	2327	1014	758	537	285	356	421
chr7	152649241	152649243	XRCC2_X3B	2482	1087	601	747	106	163	184
chr7	152649242	152649244	XRCC2_X3B	1565	663	519	488	61	83	74
chr7	152649245	152649247	XRCC2_X3B	1886	930	653	577	161	109	184
chr7	152649246	152649248	XRCC2_X3B	2357	919	600	734	167	112	172
chr7	152649249	152649251	XRCC2_X3B	1407	520	331	327	95	79	118
chr7	152649251	152649253	XRCC2_X3B	1759	644	559	356	117	83	103
chr7	152649252	152649254	XRCC2_X3B	2726	1164	860	833	150	143	222
chr7	152649253	152649255	XRCC2_X3B	2045	773	760	481	100	177	146
chr7	152649256	152649258	XRCC2_X3B	2286	978	772	492	133	154	154
chr7	152649259	152649261	XRCC2_X3B	2132	903	614	465	187	85	163
chr7	152649261	152649263	XRCC2_X3B	1836	740	643	520	116	127	174
chr7	152649262	152649264	XRCC2_X3B	1539	547	419	355	72	67	90
chr7	152649263	152649265	XRCC2_X3B	2343	801	654	486	73	97	163
chr7	152649264	152649266	XRCC2_X3B	2128	902	664	543	121	127	169
chr7	152649265	152649267	XRCC2_X3B	3213	1057	760	700	154	163	161
chr7	152649266	152649268	XRCC2_X3B	2773	1026	695	667	414	377	632
chr7	152649267	152649269	XRCC2_X3B	2024	665	494	597	374	324	556
chr7	152649270	152649272	XRCC2_X3B	1662	632	446	415	275	394	403
chr7	152649271	152649273	XRCC2_X3B	2091	856	666	502	188	145	206
chr7	152649274	152649276	XRCC2_X3B	3647	1581	1006	964	208	254	289
chr7	152649275	152649277	XRCC2_X3B	2368	974	656	791	180	192	248
chr7	152649277	152649279	XRCC2_X3B	1143	433	390	279	91	57	85
chr7	152649279	152649281	XRCC2_X3B	3177	1389	918	1006	222	204	198
chr7	152649280	152649282	XRCC2_X3B	3082	1295	935	910	148	207	227
chr7	152649281	152649283	XRCC2_X3B	1869	811	531	448	101	122	104
chr7	152649283	152649285	XRCC2_X3B	2221	988	732	639	159	124	147
chr7	152649285	152649287	XRCC2_X3B	2980	988	838	606	128	125	189
chr7	152649076	152649078	XRCC2_X3C	1979	623	775	591	2358	1867	1484
chr7	152649077	152649079	XRCC2_X3C	1565	530	623	641	1489	1317	1392
chr7	152649078	152649080	XRCC2_X3C	1439	503	656	666	1180	1308	1025
chr7	152649079	152649081	XRCC2_X3C	1623	484	682	625	1105	884	906
chr7	152649081	152649083	XRCC2_X3C	1990	854	703	1075	1415	1061	1151
chr7	152649082	152649084	XRCC2_X3C	1761	543	544	534	692	522	506
chr7	152649083	152649085	XRCC2_X3C	2135	691	736	661	1326	874	640
chr7	152649085	152649087	XRCC2_X3C	1759	574	597	589	306	191	278
chr7	152649086	152649088	XRCC2_X3C	2078	621	699	965	333	317	406
chr7	152649088	152649090	XRCC2_X3C	1443	565	591	606	224	136	136
chr7	152649089	152649091	XRCC2_X3C	1727	430	719	570	243	191	189
chr7	152649090	152649092	XRCC2_X3C	2018	723	574	858	242	91	169
chr7	152649091	152649093	XRCC2_X3C	2302	888	958	845	658	492	316
chr7	152649093	152649095	XRCC2_X3C	1120	528	608	503	414	307	228
chr7	152649094	152649096	XRCC2_X3C	1980	824	650	790	300	141	198
chr7	152649095	152649097	XRCC2_X3C	1830	692	757	738	149	76	165
chr7	152649096	152649098	XRCC2_X3C	1819	698	767	629	93	300	68
chr7	152649097	152649099	XRCC2_X3C	1884	689	732	746	87	83	77
chr7	152649098	152649100	XRCC2_X3C	1553	646	642	793	129	84	48
chr7	152649099	152649101	XRCC2_X3C	1977	900	929	993	170	262	121
chr7	152649100	152649102	XRCC2_X3C	1693	908	771	1030	180	81	168
chr7	152649101	152649103	XRCC2_X3C	1102	443	531	661	53	65	163
chr7	152649105	152649107	XRCC2_X3C	1352	572	830	894	64	70	49
chr7	152649107	152649109	XRCC2_X3C	1888	911	994	1118	265	65	113
chr7	152649108	152649110	XRCC2_X3C	2497	1270	1281	1128	150	215	270
chr7	152649109	152649111	XRCC2_X3C	2346	1346	1407	1586	2912	2390	2333
chr7	152649110	152649112	XRCC2_X3C	1510	765	756	1066	1617	1378	1362
chr7	152649112	152649114	XRCC2_X3C	2379	1297	1103	1367	4163	3143	2735
chr7	152649113	152649115	XRCC2_X3C	2746	1187	1451	1568	543	582	354
chr7	152649115	152649117	XRCC2_X3C	1984	893	899	1151	334	292	332
chr7	152649117	152649119	XRCC2_X3C	1116	334	609	641	142	89	263
chr7	152649123	152649125	XRCC2_X3C	1375	722	555	752	198	120	223
chr7	152649125	152649127	XRCC2_X3C	1885	745	866	935	135	98	330
chr7	152649127	152649129	XRCC2_X3C	1677	693	964	704	82	122	167
chr7	152649129	152649131	XRCC2_X3C	1869	875	917	831	412	105	165
chr7	152649130	152649132	XRCC2_X3C	1131	487	482	597	36	36	44
chr7	152649131	152649133	XRCC2_X3C	1578	728	663	688	173	207	128
chr7	152649134	152649136	XRCC2_X3C	1693	660	855	1171	181	70	161
chr7	152649135	152649137	XRCC2_X3C	1399	591	640	787	86	97	87
chr7	152649141	152649143	XRCC2_X3C	1860	811	777	1195	104	118	149
chr7	152649142	152649144	XRCC2_X3C	1987	777	1139	1161	106	111	233
chr7	152649143	152649145	XRCC2_X3C	2435	1171	1236	1086	348	205	253
chr7	152649146	152649148	XRCC2_X3C	1420	682	847	1032	81	56	146
chr7	152649147	152649149	XRCC2_X3C	2137	801	939	1010	228	206	111
chr7	152649148	152649150	XRCC2_X3C	1935	725	740	896	275	152	27
chr7	152649149	152649151	XRCC2_X3C	1064	517	492	674	46	60	60
chr7	152649150	152649152	XRCC2_X3C	2143	1071	870	987	335	182	217
chr7	152649151	152649153	XRCC2_X3C	1663	847	897	826	582	540	562
chr7	152649152	152649154	XRCC2_X3C	1869	974	832	753	838	441	430
chr7	152649154	152649156	XRCC2_X3C	2253	1139	1252	1194	4723	3417	3618
chr7	152649156	152649158	XRCC2_X3C	2201	1371	1415	1314	4980	3887	4059
chr7	152649158	152649160	XRCC2_X3C	2064	1086	1290	1574	4011	3119	2990
chr7	152649159	152649161	XRCC2_X3C	2722	1371	1371	1790	4878	4075	4462
chr7	152649160	152649162	XRCC2_X3C	2105	1117	1247	1237	5160	3293	3286
chr7	152649162	152649164	XRCC2_X3C	1005	430	515	697	1561	1803	1753
chr7	152649166	152649168	XRCC2_X3C	1436	892	784	861	2685	1946	1931
chr7	152649167	152649169	XRCC2_X3C	1893	1068	1169	1089	3214	2542	2822
chr7	152649171	152649173	XRCC2_X3C	1360	715	739	810	2609	2117	2007
chr7	152649172	152649174	XRCC2_X3C	1065	444	446	476	49	48	48
chr7	152649173	152649175	XRCC2_X3C	1483	550	691	749	2581	2348	2087
chr7	152649174	152649176	XRCC2_X3C	1349	689	709	488	2272	1888	1544
chr7	152649175	152649177	XRCC2_X3C	1305	530	566	671	1929	1792	1750
chr7	152649176	152649178	XRCC2_X3C	1398	942	747	665	3284	2584	2175
chr7	152649177	152649179	XRCC2_X3C	950	392	514	651	1264	1542	1644
chr7	152649178	152649180	XRCC2_X3C	1742	728	784	807	2265	2043	1859
chr7	152649179	152649181	XRCC2_X3C	1884	979	717	1143	3928	2403	3209
chr7	152649181	152649183	XRCC2_X3C	2169	847	1104	887	221	189	134
chr7	152649182	152649184	XRCC2_X3C	1543	686	802	848	3181	2235	2084
chr7	152649183	152649185	XRCC2_X3C	1890	955	718	1295	3239	3036	3010
chr7	152649184	152649186	XRCC2_X3C	1178	473	613	601	236	233	369
chr7	152649185	152649187	XRCC2_X3C	1663	868	726	790	2741	2037	2242
chr7	152649187	152649189	XRCC2_X3C	1764	652	710	746	1088	800	772
chr7	152649188	152649190	XRCC2_X3C	1082	574	436	460	1125	767	909
chr7	152649006	152649008	XRCC2_X3D	2712	540	432	545	957	1160	1600
chr7	152649007	152649009	XRCC2_X3D	2909	553	658	653	994	912	1718
chr7	152649008	152649010	XRCC2_X3D	4147	1092	704	907	1419	1307	1985
chr7	152649010	152649012	XRCC2_X3D	3609	677	677	724	226	218	414
chr7	152649011	152649013	XRCC2_X3D	2959	554	634	777	213	166	189
chr7	152649012	152649014	XRCC2_X3D	4258	909	1002	1026	208	265	307
chr7	152649013	152649015	XRCC2_X3D	3383	703	618	736	221	130	336
chr7	152649014	152649016	XRCC2_X3D	3031	570	378	819	341	302	457
chr7	152649015	152649017	XRCC2_X3D	3070	667	548	702	112	122	214
chr7	152649016	152649018	XRCC2_X3D	3565	751	762	747	282	199	245
chr7	152649017	152649019	XRCC2_X3D	2930	651	603	640	225	155	200
chr7	152649018	152649020	XRCC2_X3D	3095	642	621	698	132	120	171
chr7	152649019	152649021	XRCC2_X3D	3787	889	851	1119	255	226	363
chr7	152649021	152649023	XRCC2_X3D	2611	551	621	763	266	180	284
chr7	152649022	152649024	XRCC2_X3D	3606	927	782	1108	340	232	380
chr7	152649025	152649027	XRCC2_X3D	3981	1053	927	1367	302	178	384
chr7	152649031	152649033	XRCC2_X3D	3856	1046	1016	1173	243	163	206
chr7	152649032	152649034	XRCC2_X3D	4067	1056	859	1205	195	150	382
chr7	152649033	152649035	XRCC2_X3D	3561	740	849	1046	136	167	243
chr7	152649034	152649036	XRCC2_X3D	3945	963	912	1221	166	132	317
chr7	152649035	152649037	XRCC2_X3D	3343	753	1082	989	192	158	217
chr7	152649036	152649038	XRCC2_X3D	3030	834	772	882	122	104	221
chr7	152649037	152649039	XRCC2_X3D	3580	1022	949	1232	194	154	231
chr7	152649038	152649040	XRCC2_X3D	3741	1006	1034	1160	161	186	346
chr7	152649039	152649041	XRCC2_X3D	4030	1155	937	1107	167	167	313
chr7	152649040	152649042	XRCC2_X3D	3361	930	781	1095	165	87	203
chr7	152649041	152649043	XRCC2_X3D	2530	663	755	850	927	1060	1790
chr7	152649042	152649044	XRCC2_X3D	3566	903	1025	1237	540	697	843
chr7	152649044	152649046	XRCC2_X3D	5139	1339	1136	1738	1375	1480	2197
chr7	152649045	152649047	XRCC2_X3D	4012	960	1127	1226	2045	1996	2967
chr7	152649047	152649049	XRCC2_X3D	3286	904	871	936	1730	1576	1875
chr7	152649048	152649050	XRCC2_X3D	3586	1012	1019	1332	1792	1391	2776
chr7	152649050	152649052	XRCC2_X3D	3893	1073	905	1134	1884	1865	2685
chr7	152649051	152649053	XRCC2_X3D	5027	1335	1338	1615	2224	2165	3600
chr7	152649052	152649054	XRCC2_X3D	4143	1062	1138	1374	1482	1563	2333
chr7	152649053	152649055	XRCC2_X3D	4859	1416	1434	1812	2275	2548	3526
chr7	152649055	152649057	XRCC2_X3D	3130	857	807	1136	1354	1222	1776
chr7	152649056	152649058	XRCC2_X3D	3557	1044	975	1172	1720	1521	2615
chr7	152649057	152649059	XRCC2_X3D	4696	1234	1298	1424	2212	2071	4026
chr7	152649058	152649060	XRCC2_X3D	3394	967	806	1103	1938	1767	3119
chr7	152649059	152649061	XRCC2_X3D	3420	967	1015	1124	2098	1785	3254
chr7	152649060	152649062	XRCC2_X3D	3806	990	1123	1092	2064	2410	3291
chr7	152649062	152649064	XRCC2_X3D	4515	1414	1080	1570	2595	2528	3812
chr7	152649063	152649065	XRCC2_X3D	2730	781	847	972	1366	1438	2479
chr7	152649064	152649066	XRCC2_X3D	2784	747	692	958	1252	1175	1977
chr7	152649066	152649068	XRCC2_X3D	3131	853	823	971	1284	1495	2130
chr7	152649067	152649069	XRCC2_X3D	3394	895	885	1081	1573	1371	2233
chr7	152649068	152649070	XRCC2_X3D	3909	1039	937	1184	1682	1458	2733
chr7	152649071	152649073	XRCC2_X3D	3199	820	698	1169	1394	1303	2302
chr7	152649073	152649075	XRCC2_X3D	3693	1062	984	1059	1455	1348	2709
chr7	152649075	152649077	XRCC2_X3D	4530	1118	1089	1591	2255	1952	3187
chr7	152649077	152649079	XRCC2_X3D	3713	957	977	1083	1648	1687	2476
chr7	152649078	152649080	XRCC2_X3D	4279	972	904	1477	1694	1808	3023
chr7	152649079	152649081	XRCC2_X3D	4542	1026	1204	1329	1459	1604	1964
chr7	152649081	152649083	XRCC2_X3D	3249	798	834	1060	962	940	1496
chr7	152649082	152649084	XRCC2_X3D	3164	661	655	897	548	574	1181
chr7	152649083	152649085	XRCC2_X3D	3362	923	1013	857	745	687	1054
chr7	152649085	152649087	XRCC2_X3D	3606	984	1018	973	368	328	679
chr7	152649086	152649088	XRCC2_X3D	3803	902	810	1066	439	414	607
chr7	152649088	152649090	XRCC2_X3D	4266	878	808	1034	292	281	412
chr7	152649089	152649091	XRCC2_X3D	4276	1023	728	1122	357	281	555
chr7	152649090	152649092	XRCC2_X3D	4494	942	778	1251	168	212	377
chr7	152649091	152649093	XRCC2_X3D	4556	1150	1167	1188	618	584	895
chr7	152649093	152649095	XRCC2_X3D	4107	988	1000	1117	511	571	819
chr7	152649094	152649096	XRCC2_X3D	4060	963	903	1156	169	178	292
chr7	152649096	152649098	XRCC2_X3D	3767	856	832	886	164	170	218
chr7	152649097	152649099	XRCC2_X3D	3525	881	750	1015	170	122	126
chr7	152649098	152649100	XRCC2_X3D	5423	1311	1410	1253	341	200	359
chr7	152649101	152649103	XRCC2_X3D	3172	704	873	863	239	123	277
chr7	152648902	152648904	XRCC2_X3E	1980	566	665	422	354	598	442
chr7	152648904	152648906	XRCC2_X3E	3101	892	1097	635	1072	1185	812
chr7	152648906	152648908	XRCC2_X3E	2244	589	660	555	481	872	527
chr7	152648907	152648909	XRCC2_X3E	2193	642	819	658	421	643	604
chr7	152648908	152648910	XRCC2_X3E	2314	642	1057	552	102	316	193
chr7	152648909	152648911	XRCC2_X3E	2423	726	1071	628	655	904	642
chr7	152648912	152648914	XRCC2_X3E	1554	525	652	400	272	427	337
chr7	152648915	152648917	XRCC2_X3E	2385	841	984	562	272	688	481
chr7	152648916	152648918	XRCC2_X3E	2001	652	844	615	213	488	344
chr7	152648918	152648920	XRCC2_X3E	2908	1078	1520	972	340	578	509
chr7	152648922	152648924	XRCC2_X3E	3320	1051	1284	973	359	397	312
chr7	152648923	152648925	XRCC2_X3E	3685	1414	1484	985	611	410	350
chr7	152648924	152648926	XRCC2_X3E	2877	1113	1170	653	1323	1360	1275
chr7	152648925	152648927	XRCC2_X3E	3394	1308	1450	1016	1077	1916	1416
chr7	152648927	152648929	XRCC2_X3E	3614	1285	1538	955	1213	1340	970
chr7	152648928	152648930	XRCC2_X3E	3026	1150	1546	1070	918	1196	1021
chr7	152648930	152648932	XRCC2_X3E	2151	594	880	541	486	648	586
chr7	152648931	152648933	XRCC2_X3E	2343	754	792	696	465	742	549
chr7	152648932	152648934	XRCC2_X3E	2973	981	1261	942	67	341	239
chr7	152648933	152648935	XRCC2_X3E	2980	861	1392	845	88	558	320
chr7	152648934	152648936	XRCC2_X3E	3443	1004	1428	858	163	554	287
chr7	152648936	152648938	XRCC2_X3E	2857	938	1040	676	52	357	215
chr7	152648937	152648939	XRCC2_X3E	3535	1402	1493	1020	273	222	222
chr7	152648938	152648940	XRCC2_X3E	3542	1179	1361	1041	136	412	397
chr7	152648939	152648941	XRCC2_X3E	3138	877	1428	871	505	345	345
chr7	152648942	152648944	XRCC2_X3E	3093	845	1713	894	207	748	606
chr7	152648943	152648945	XRCC2_X3E	3987	1238	1968	1163	460	980	587
chr7	152648944	152648946	XRCC2_X3E	2427	651	1209	703	99	247	190
chr7	152648945	152648947	XRCC2_X3E	3791	1590	1570	1018	214	405	212
chr7	152648946	152648948	XRCC2_X3E	2991	1085	1436	838	138	363	224
chr7	152648947	152648949	XRCC2_X3E	3019	867	1488	883	903	1142	804
chr7	152648949	152648951	XRCC2_X3E	2915	826	1460	880	215	595	524
chr7	152648950	152648952	XRCC2_X3E	2939	894	960	710	396	803	579
chr7	152648951	152648953	XRCC2_X3E	2951	1147	1712	844	519	781	420
chr7	152648952	152648954	XRCC2_X3E	3033	1339	1416	932	762	668	492
chr7	152648953	152648955	XRCC2_X3E	2912	689	1274	770	163	199	177
chr7	152648954	152648956	XRCC2_X3E	2242	995	1246	609	823	809	472
chr7	152648956	152648958	XRCC2_X3E	2240	659	1184	682	270	478	332
chr7	152648958	152648960	XRCC2_X3E	3513	1140	2078	1155	844	1232	914
chr7	152648959	152648961	XRCC2_X3E	2295	911	961	749	626	937	821
chr7	152648960	152648962	XRCC2_X3E	2901	1521	1323	921	1959	1921	1541
chr7	152648961	152648963	XRCC2_X3E	2613	781	1350	583	1445	1530	1179
chr7	152648962	152648964	XRCC2_X3E	3073	1100	1629	1083	2483	1903	1456
chr7	152648965	152648967	XRCC2_X3E	2873	1436	1783	995	1417	1944	1642
chr7	152648966	152648968	XRCC2_X3E	2129	754	970	718	1152	1470	1407
chr7	152648967	152648969	XRCC2_X3E	3011	1209	1365	1052	2219	1763	1742
chr7	152648968	152648970	XRCC2_X3E	3266	1352	1687	877	2980	2313	2003
chr7	152648969	152648971	XRCC2_X3E	1531	732	775	555	1447	1131	868
chr7	152648972	152648974	XRCC2_X3E	3115	1259	1990	951	2460	2739	2002
chr7	152648973	152648975	XRCC2_X3E	2577	1296	1446	675	2323	1999	1891
chr7	152648974	152648976	XRCC2_X3E	2146	945	946	713	1576	1608	1488
chr7	152648975	152648977	XRCC2_X3E	2189	1181	1135	762	1716	1474	1281
chr7	152648978	152648980	XRCC2_X3E	2041	695	857	746	1227	1540	1532
chr7	152648979	152648981	XRCC2_X3E	3381	1238	1429	1065	2418	2496	2144
chr7	152648980	152648982	XRCC2_X3E	3008	947	1356	960	122	286	196
chr7	152648981	152648983	XRCC2_X3E	1796	712	939	583	1184	1554	1114
chr7	152648982	152648984	XRCC2_X3E	3030	1354	1556	947	1854	2328	2034
chr7	152648983	152648985	XRCC2_X3E	3573	1252	1753	1021	2543	2721	2384
chr7	152648984	152648986	XRCC2_X3E	3719	1499	1611	1051	2423	3289	2434
chr7	152648985	152648987	XRCC2_X3E	2740	888	1315	798	2329	2344	1603
chr7	152648986	152648988	XRCC2_X3E	2275	754	1071	529	1921	1862	1459
chr7	152648987	152648989	XRCC2_X3E	1466	317	568	342	1426	1232	781
chr7	152648988	152648990	XRCC2_X3E	258	179	151	64	286	190	135
chr7	152648989	152648991	XRCC2_X3E	2165	1109	1056	553	1630	1714	1098
chr7	152648990	152648992	XRCC2_X3E	2107	683	1191	720	1306	1854	1419
chr7	152648991	152648993	XRCC2_X3E	2496	932	1245	900	1315	2155	1869
chr7	152648992	152648994	XRCC2_X3E	2934	1183	1253	688	1491	2047	1448
chr7	152648993	152648995	XRCC2_X3E	2200	781	1130	750	2129	1909	1521
chr7	152648995	152648997	XRCC2_X3E	2650	1005	1097	703	2003	1863	1541
chr7	152649000	152649002	XRCC2_X3E	2170	896	952	550	1696	1484	1307
chr7	152649001	152649003	XRCC2_X3E	2858	1603	1132	886	2510	2545	2019
chr7	152649002	152649004	XRCC2_X3E	3361	1336	1464	886	2867	2520	2209
chr7	152649003	152649005	XRCC2_X3E	2391	722	1271	635	1349	1560	1627
chr7	152649004	152649006	XRCC2_X3E	3083	1186	1350	746	2004	2622	1729
chr7	152649005	152649007	XRCC2_X3E	2365	624	898	564	1483	1630	1400
chr7	152649007	152649009	XRCC2_X3E	2720	500	983	536	634	1449	1038
chr7	152649008	152649010	XRCC2_X3E	2455	827	802	768	1519	1517	1209
chr7	152649010	152649012	XRCC2_X3E	3005	749	1187	688	194	640	357
chr7	152649011	152649013	XRCC2_X3E	2808	580	1011	866	79	387	329
chr7	152649012	152649014	XRCC2_X3E	2634	825	1274	595	244	268	239
chr7	152649013	152649015	XRCC2_X3E	2630	928	980	689	169	321	213
chr7	152648811	152648813	XRCC2_X3F	3207	870	1074	983	1635	1656	1117
chr7	152648812	152648814	XRCC2_X3F	2860	735	1129	1124	1744	1552	1150
chr7	152648813	152648815	XRCC2_X3F	3270	1104	1314	1104	1782	1834	1584
chr7	152648814	152648816	XRCC2_X3F	2844	842	986	760	263	155	159
chr7	152648815	152648817	XRCC2_X3F	3300	912	1521	1132	433	439	402
chr7	152648816	152648818	XRCC2_X3F	3000	966	1385	1266	1925	1731	1147
chr7	152648819	152648821	XRCC2_X3F	2734	822	1294	1072	1717	1440	1162
chr7	152648820	152648822	XRCC2_X3F	2853	940	1318	1093	1804	1813	1477
chr7	152648821	152648823	XRCC2_X3F	2247	817	930	930	1485	1410	925
chr7	152648822	152648824	XRCC2_X3F	1836	495	714	787	1144	1159	935
chr7	152648823	152648825	XRCC2_X3F	2502	680	865	983	1476	1483	1029
chr7	152648824	152648826	XRCC2_X3F	2156	665	831	774	1496	1416	983
chr7	152648825	152648827	XRCC2_X3F	1544	491	881	549	1049	940	809
chr7	152648826	152648828	XRCC2_X3F	2167	738	1137	659	1370	1224	1037
chr7	152648827	152648829	XRCC2_X3F	2430	746	1151	903	1886	1454	1419
chr7	152648829	152648831	XRCC2_X3F	1539	519	748	643	1206	1222	883
chr7	152648830	152648832	XRCC2_X3F	3125	1120	1350	1219	2107	1850	1720
chr7	152648833	152648835	XRCC2_X3F	2341	714	1108	1058	1693	1471	1257
chr7	152648834	152648836	XRCC2_X3F	3046	983	1350	1464	1956	2021	1639
chr7	152648835	152648837	XRCC2_X3F	2891	888	1495	1227	2148	2093	1671
chr7	152648836	152648838	XRCC2_X3F	2476	928	1339	1136	1840	1966	1442
chr7	152648837	152648839	XRCC2_X3F	2107	846	1193	677	1528	1312	1171
chr7	152648838	152648840	XRCC2_X3F	2447	761	1215	1027	1728	1543	1586
chr7	152648839	152648841	XRCC2_X3F	1985	1012	1177	1217	2260	1655	1488
chr7	152648844	152648846	XRCC2_X3F	2062	769	1429	1178	1405	1808	1724
chr7	152648845	152648847	XRCC2_X3F	2490	856	1239	1179	402	341	244
chr7	152648846	152648848	XRCC2_X3F	2216	960	1204	1138	1934	1765	1387
chr7	152648847	152648849	XRCC2_X3F	2955	1339	1846	1657	2844	2267	2033
chr7	152648849	152648851	XRCC2_X3F	1380	431	979	654	1197	812	879
chr7	152648852	152648854	XRCC2_X3F	2203	709	1342	970	1590	1368	1405
chr7	152648854	152648856	XRCC2_X3F	2548	894	1179	944	2309	1541	1462
chr7	152648855	152648857	XRCC2_X3F	1832	874	1074	957	1595	1422	1120
chr7	152648858	152648860	XRCC2_X3F	1800	552	1019	788	1372	1520	1188
chr7	152648859	152648861	XRCC2_X3F	1770	708	987	968	1515	1577	1283
chr7	152648860	152648862	XRCC2_X3F	1905	816	1038	1111	1612	1725	1262
chr7	152648861	152648863	XRCC2_X3F	3059	1179	2301	1788	2734	2674	2131
chr7	152648866	152648868	XRCC2_X3F	2310	873	1017	1049	186	270	83
chr7	152648867	152648869	XRCC2_X3F	2821	886	1814	1605	2584	2518	1998
chr7	152648871	152648873	XRCC2_X3F	3033	1187	1817	1819	2771	2178	2068
chr7	152648872	152648874	XRCC2_X3F	1313	734	1061	866	1248	1346	1025
chr7	152648873	152648875	XRCC2_X3F	2120	757	1141	1313	1703	1605	1504
chr7	152648874	152648876	XRCC2_X3F	1922	781	1319	1147	1840	1811	1159
chr7	152648875	152648877	XRCC2_X3F	2112	1015	1044	1156	1865	1950	1594
chr7	152648876	152648878	XRCC2_X3F	1797	745	1223	843	1621	1566	1250
chr7	152648877	152648879	XRCC2_X3F	2342	857	1500	1548	2066	2143	1782
chr7	152648879	152648881	XRCC2_X3F	2577	1012	1503	1159	2277	1944	1699
chr7	152648880	152648882	XRCC2_X3F	2932	1300	1634	1569	2669	2480	2053
chr7	152648881	152648883	XRCC2_X3F	2659	1204	1872	1946	2464	2518	1929
chr7	152648882	152648884	XRCC2_X3F	3822	1759	2594	2113	3360	3209	3026
chr7	152648883	152648885	XRCC2_X3F	2886	1055	1738	1551	2503	2420	1975
chr7	152648885	152648887	XRCC2_X3F	2206	963	1172	986	2215	1581	1529
chr7	152648887	152648889	XRCC2_X3F	2264	629	1422	1031	1502	1375	1250
chr7	152648888	152648890	XRCC2_X3F	3729	1416	2357	1947	3226	2967	2361
chr7	152648889	152648891	XRCC2_X3F	2684	1107	1407	1627	2255	2051	1703
chr7	152648892	152648894	XRCC2_X3F	2943	1213	1680	1707	2272	2467	1703
chr7	152648893	152648895	XRCC2_X3F	3209	1228	1911	1643	2273	2100	1681
chr7	152648895	152648897	XRCC2_X3F	3082	1128	1450	1597	1800	1672	1339
chr7	152648896	152648898	XRCC2_X3F	2740	1014	1264	1275	1021	805	770
chr7	152648897	152648899	XRCC2_X3F	3377	1138	1723	1386	1785	1752	1541
chr7	152648899	152648901	XRCC2_X3F	4183	1697	2176	1922	886	1013	873
chr7	152648900	152648902	XRCC2_X3F	2614	1094	1430	1310	1024	924	782
chr7	152648901	152648903	XRCC2_X3F	2112	819	956	928	774	662	564
chr7	152648904	152648906	XRCC2_X3F	3332	1119	1341	1413	1172	1060	831
chr7	152648906	152648908	XRCC2_X3F	2800	856	1638	910	995	912	726
chr7	152648907	152648909	XRCC2_X3F	1823	568	728	605	518	432	375
chr7	152648908	152648910	XRCC2_X3F	2989	1094	1613	1403	261	360	249
chr7	152648909	152648911	XRCC2_X3F	2284	814	1308	1070	804	684	769
chr7	152648912	152648914	XRCC2_X3F	2965	1110	1574	1415	772	708	679
chr7	152648915	152648917	XRCC2_X3F	2348	1002	1288	1031	680	520	412
chr7	152648916	152648918	XRCC2_X3F	2074	615	1161	711	473	327	382
chr7	152648918	152648920	XRCC2_X3F	1560	532	679	864	286	230	185
chr7	152648919	152648921	XRCC2_X3F	3057	1242	1340	1226	665	413	360
chr7	152648922	152648924	XRCC2_X3F	2468	612	1106	825	221	202	215
chr7	152648923	152648925	XRCC2_X3F	2297	700	1074	754	231	191	186
chr7	152648924	152648926	XRCC2_X3F	3164	917	1470	1416	1153	876	791
chr7	152648729	152648731	XRCC2_X3G	1651	2416	2104	3849	5343	5170	4470
chr7	152648730	152648732	XRCC2_X3G	1815	2889	3045	4314	5121	6402	5460
chr7	152648732	152648734	XRCC2_X3G	2954	4629	4873	7859	9929	10198	8874
chr7	152648734	152648736	XRCC2_X3G	2661	4848	4844	5284	9112	9574	9056
chr7	152648739	152648741	XRCC2_X3G	2978	5396	4831	6626	10386	11286	9551
chr7	152648740	152648742	XRCC2_X3G	2642	4489	5128	7029	9853	10773	8650
chr7	152648741	152648743	XRCC2_X3G	3393	5993	5942	8909	11286	12730	11063
chr7	152648742	152648744	XRCC2_X3G	2498	5922	4242	6217	9186	9936	8174
chr7	152648743	152648745	XRCC2_X3G	2457	4562	3829	5517	783	1013	1042
chr7	152648744	152648746	XRCC2_X3G	2393	4799	3942	7496	9103	9152	8496
chr7	152648746	152648748	XRCC2_X3G	2634	5200	4641	7036	10520	10577	8864
chr7	152648747	152648749	XRCC2_X3G	2751	6097	5533	7132	10460	11600	10356
chr7	152648751	152648753	XRCC2_X3G	1762	4134	2992	5186	7548	8096	7318
chr7	152648753	152648755	XRCC2_X3G	2682	6035	5701	7282	10402	11260	10173
chr7	152648756	152648758	XRCC2_X3G	182	373	399	399	882	660	800
chr7	152648757	152648759	XRCC2_X3G	3050	6246	7428	9322	11335	14368	12185
chr7	152648758	152648760	XRCC2_X3G	3358	5140	3644	7016	1378	1195	1198
chr7	152648759	152648761	XRCC2_X3G	2754	5026	3959	6062	9234	9591	8721
chr7	152648761	152648763	XRCC2_X3G	2198	4666	4227	6599	5049	5703	4966
chr7	152648763	152648765	XRCC2_X3G	1649	3509	3484	5094	4305	4159	3929
chr7	152648766	152648768	XRCC2_X3G	2585	5207	5044	7601	6098	6832	6134
chr7	152648768	152648770	XRCC2_X3G	2379	4781	5164	6480	7383	8149	7253
chr7	152648770	152648772	XRCC2_X3G	1393	3110	2838	4297	3787	4201	3441
chr7	152648772	152648774	XRCC2_X3G	2221	5083	4856	6909	5724	5904	5359
chr7	152648773	152648775	XRCC2_X3G	3159	6613	5509	9975	11223	12214	9705
chr7	152648774	152648776	XRCC2_X3G	3202	6057	5484	9617	10339	11784	9825
chr7	152648775	152648777	XRCC2_X3G	3164	6372	6836	9227	6666	7883	6680
chr7	152648777	152648779	XRCC2_X3G	2532	4944	5019	6022	6212	7261	6485
chr7	152648779	152648781	XRCC2_X3G	1347	2551	2812	4227	2618	2982	2477
chr7	152648780	152648782	XRCC2_X3G	2546	5185	5224	7852	7180	7842	7528
chr7	152648783	152648785	XRCC2_X3G	2256	4612	4300	7197	7932	8510	7473
chr7	152648784	152648786	XRCC2_X3G	2205	5139	4927	7412	8045	8617	7725
chr7	152648785	152648787	XRCC2_X3G	2462	5385	5150	6549	7736	7876	7506
chr7	152648787	152648789	XRCC2_X3G	2524	4870	5155	8091	8180	8372	6911
chr7	152648791	152648793	XRCC2_X3G	2655	5817	5443	6859	1390	1464	1521
chr7	152648792	152648794	XRCC2_X3G	2616	5832	5126	8349	6454	6921	5673
chr7	152648793	152648795	XRCC2_X3G	1720	3656	4025	5676	4633	4329	4392
chr7	152648794	152648796	XRCC2_X3G	2875	6179	6347	8675	7709	9022	7525
chr7	152648795	152648797	XRCC2_X3G	2464	4925	5463	7745	7977	8611	7012
chr7	152648796	152648798	XRCC2_X3G	2340	4901	5304	7116	7771	7495	7320
chr7	152648797	152648799	XRCC2_X3G	2116	4209	4919	6273	6411	7042	6971
chr7	152648798	152648800	XRCC2_X3G	3007	5001	5770	8552	9244	9774	8813
chr7	152648799	152648801	XRCC2_X3G	2739	6364	5221	7694	9531	10799	9133
chr7	152648800	152648802	XRCC2_X3G	2162	4432	4732	6705	899	924	1065
chr7	152648801	152648803	XRCC2_X3G	1507	3458	3049	4426	6066	6266	5222
chr7	152648802	152648804	XRCC2_X3G	1971	3733	3538	5250	6549	7640	6638
chr7	152648803	152648805	XRCC2_X3G	3208	7076	6673	9969	9382	10813	9254
chr7	152648804	152648806	XRCC2_X3G	2388	5214	4328	7876	8281	8852	9031
chr7	152648805	152648807	XRCC2_X3G	1661	3667	3342	5690	6007	7240	5888
chr7	152648806	152648808	XRCC2_X3G	3145	7021	6403	9934	12773	13579	11516
chr7	152648807	152648809	XRCC2_X3G	3158	6493	6338	8844	12311	12874	10264
chr7	152648809	152648811	XRCC2_X3G	2030	3078	3719	5021	6168	6567	6100
chr7	152648810	152648812	XRCC2_X3G	3124	5248	5689	7974	9773	11068	10082
chr7	152648811	152648813	XRCC2_X3G	2172	4284	3923	6714	7360	7674	7200
chr7	152648812	152648814	XRCC2_X3G	2942	5569	5010	9405	10992	10818	10245
chr7	152648813	152648815	XRCC2_X3G	2770	5211	5360	7467	10295	11452	10361
chr7	152648814	152648816	XRCC2_X3G	1534	3368	3214	4311	715	871	899
chr7	152648815	152648817	XRCC2_X3G	2373	4457	5020	7533	1652	2398	2079
chr7	152648816	152648818	XRCC2_X3G	2316	4779	4553	6278	8875	9040	7719
chr7	152648819	152648821	XRCC2_X3G	2136	3579	3862	5375	8098	9189	8099
chr7	152648820	152648822	XRCC2_X3G	3047	6159	5940	7614	11475	12276	10925
chr7	152648821	152648823	XRCC2_X3G	1845	3698	3920	5374	8094	8130	7131
chr7	152648822	152648824	XRCC2_X3G	2529	4732	4107	6775	9055	10076	8237
chr7	152648823	152648825	XRCC2_X3G	2575	5252	5600	7763	9809	10989	10660
chr7	152648824	152648826	XRCC2_X3G	2095	4004	4131	5178	9175	8456	7570
chr7	152648825	152648827	XRCC2_X3G	1979	4002	3703	6194	8145	8355	7279
chr7	152648826	152648828	XRCC2_X3G	65	170	87	90	156	226	151
chr7	152648827	152648829	XRCC2_X3G	1386	2046	2425	3646	4980	5896	5042
chr7	152648829	152648831	XRCC2_X3G	2713	5450	5825	8429	11085	13205	11454
chr7	152648830	152648832	XRCC2_X3G	2170	3378	3392	5136	7795	8234	6753
chr7	152648833	152648835	XRCC2_X3G	2272	3431	3825	5767	7696	8921	8077
chr7	152648834	152648836	XRCC2_X3G	2002	4165	4195	5650	8379	9222	7384
chr7	152648835	152648837	XRCC2_X3G	1637	3450	2820	4200	6527	6870	5573
chr7	152648836	152648838	XRCC2_X3G	2781	5048	5746	6698	10635	11470	9962
chr7	152648837	152648839	XRCC2_X3G	2433	5506	4428	6484	8834	9815	8477
chr7	152648838	152648840	XRCC2_X3G	1085	2227	1927	2311	3791	3553	3698
chr7	152648839	152648841	XRCC2_X3G	1619	3226	3024	4024	5597	6308	5271
chr7	152648624	152648626	XRCC2_X3H	4016	1184	1162	907	2273	2676	2728
chr7	152648626	152648628	XRCC2_X3H	3915	1178	1117	1035	2718	2556	2559
chr7	152648628	152648630	XRCC2_X3H	2488	634	787	562	1564	1871	1627
chr7	152648630	152648632	XRCC2_X3H	5508	1549	1711	1484	3242	4341	4525
chr7	152648632	152648634	XRCC2_X3H	2646	829	791	776	1516	1938	2359
chr7	152648636	152648638	XRCC2_X3H	5611	1842	1719	1359	3835	3924	4327
chr7	152648637	152648639	XRCC2_X3H	4303	1409	1364	1118	3097	3059	3182
chr7	152648638	152648640	XRCC2_X3H	5451	1601	1950	1175	3557	3723	3617
chr7	152648639	152648641	XRCC2_X3H	3092	923	1116	844	2280	2641	2598
chr7	152648640	152648642	XRCC2_X3H	3732	1329	1405	876	2671	3112	2881
chr7	152648641	152648643	XRCC2_X3H	4664	1518	1964	1313	3558	4117	3696
chr7	152648643	152648645	XRCC2_X3H	2307	749	734	650	1416	2114	1826
chr7	152648647	152648649	XRCC2_X3H	2850	898	1020	976	1536	1667	1860
chr7	152648649	152648651	XRCC2_X3H	2354	664	887	540	1175	1295	972
chr7	152648650	152648652	XRCC2_X3H	4192	1069	1330	842	2180	2146	2130
chr7	152648651	152648653	XRCC2_X3H	4281	1152	1412	914	1716	1975	1564
chr7	152648652	152648654	XRCC2_X3H	3565	1135	1244	870	1638	1440	1518
chr7	152648653	152648655	XRCC2_X3H	3050	851	741	785	230	211	147
chr7	152648655	152648657	XRCC2_X3H	4238	1063	1565	757	336	429	265
chr7	152648656	152648658	XRCC2_X3H	3115	838	854	626	1113	943	1046
chr7	152648658	152648660	XRCC2_X3H	3646	894	1106	812	773	929	1046
chr7	152648660	152648662	XRCC2_X3H	4228	1001	1492	951	1731	1875	1925
chr7	152648661	152648663	XRCC2_X3H	3050	689	924	812	1171	1425	1297
chr7	152648662	152648664	XRCC2_X3H	5633	1617	1887	1218	2350	2265	2230
chr7	152648663	152648665	XRCC2_X3H	4129	1047	1186	1081	1731	1486	1731
chr7	152648665	152648667	XRCC2_X3H	3155	987	1000	741	1769	1819	1680
chr7	152648669	152648671	XRCC2_X3H	4525	1273	1259	1050	2527	2831	3066
chr7	152648675	152648677	XRCC2_X3H	2435	455	543	430	909	1227	991
chr7	152648680	152648682	XRCC2_X3H	3517	685	779	424	1464	1558	1396
chr7	152648681	152648683	XRCC2_X3H	5129	889	1204	723	2124	2121	2101
chr7	152648682	152648684	XRCC2_X3H	3743	515	822	439	1256	1197	1345
chr7	152648684	152648686	XRCC2_X3H	3702	718	934	622	1520	1916	1596
chr7	152648689	152648691	XRCC2_X3H	2559	414	421	492	70	101	66
chr7	152648690	152648692	XRCC2_X3H	5426	805	893	960	1881	2186	2345
chr7	152648691	152648693	XRCC2_X3H	4394	695	735	473	1350	1491	1442
chr7	152648692	152648694	XRCC2_X3H	1659	265	329	198	501	489	539
chr7	152648693	152648695	XRCC2_X3H	4341	387	576	472	1041	1074	1008
chr7	152648694	152648696	XRCC2_X3H	3790	608	649	512	1502	1248	1351
chr7	152648695	152648697	XRCC2_X3H	2678	591	423	318	1086	926	1086
chr7	152648697	152648699	XRCC2_X3H	6117	832	1180	994	1860	2052	2192
chr7	152648698	152648700	XRCC2_X3H	4152	590	804	429	1457	1284	1364
chr7	152648700	152648702	XRCC2_X3H	4427	735	828	507	1313	1674	1410
chr7	152648701	152648703	XRCC2_X3H	3874	587	627	439	1400	1419	1205
chr7	152648704	152648706	XRCC2_X3H	4606	835	612	563	199	123	115
chr7	152648705	152648707	XRCC2_X3H	4914	661	768	712	1865	1628	2023
chr7	152648706	152648708	XRCC2_X3H	5185	789	817	546	185	263	178
chr7	152648707	152648709	XRCC2_X3H	4854	617	877	528	1281	1590	1420
chr7	152648711	152648713	XRCC2_X3H	2660	326	515	219	943	831	829
chr7	152648712	152648714	XRCC2_X3H	2167	303	210	194	534	638	649
chr7	152648713	152648715	XRCC2_X3H	2093	244	171	198	766	727	637
chr7	152648714	152648716	XRCC2_X3H	2850	428	470	401	1046	1059	946
chr7	152648715	152648717	XRCC2_X3H	3684	497	642	508	1489	1010	1336
chr7	152648716	152648718	XRCC2_X3H	3884	574	616	455	1126	1245	1075
chr7	152648717	152648719	XRCC2_X3H	3741	626	668	335	1095	1137	1256
chr7	152648718	152648720	XRCC2_X3H	3831	457	601	480	1036	1166	889
chr7	152648720	152648722	XRCC2_X3H	3489	466	556	402	1082	1220	1206
chr7	152648722	152648724	XRCC2_X3H	3487	579	537	474	1177	1420	1035
chr7	152648724	152648726	XRCC2_X3H	2572	294	366	416	866	831	814
chr7	152648725	152648727	XRCC2_X3H	3532	459	578	390	1239	1179	1101
chr7	152648727	152648729	XRCC2_X3H	3416	467	544	558	1073	923	1163
chr7	152648728	152648730	XRCC2_X3H	3033	415	664	450	1137	1068	1189
chr7	152648729	152648731	XRCC2_X3H	3819	578	590	426	1432	1279	1249
chr7	152648730	152648732	XRCC2_X3H	2776	381	421	265	953	890	710
chr7	152648732	152648734	XRCC2_X3H	3972	606	613	514	1263	1483	1003
chr7	152648734	152648736	XRCC2_X3H	4177	504	845	540	1433	1278	1450
