chrom	start	end	target	snvlib_count	D05_R1	D05_R2	D05_R3	D13_R1	D13_R2	D13_R3	D17_R1	D17_R2	D17_R3
chr17	35119580	35119582	RAD51D_X1A	14090	8035	13012	4339.0	12367	19552	9626.0	6567	7102	10374.0
chr17	35119583	35119585	RAD51D_X1A	4902	105	229	138.0	151	337	217.0	119	78	287.0
chr17	35119584	35119586	RAD51D_X1A	5170	95	267	136.0	202	166	226.0	163	45	270.0
chr17	35119585	35119587	RAD51D_X1A	6740	99	267	159.0	87	341	456.0	48	137	487.0
chr17	35119586	35119588	RAD51D_X1A	4251	328	347	119.0	744	1461	326.0	441	766	333.0
chr17	35119587	35119589	RAD51D_X1A	4941	253	439	63.0	211	385	335.0	89	152	391.0
chr17	35119588	35119590	RAD51D_X1A	3767	143	324	139.0	351	417	304.0	136	156	457.0
chr17	35119589	35119591	RAD51D_X1A	4234	226	286	195.0	286	367	306.0	93	139	261.0
chr17	35119590	35119592	RAD51D_X1A	4947	357	383	170.0	353	267	451.0	172	110	421.0
chr17	35119591	35119593	RAD51D_X1A	5273	639	726	428.0	808	1198	855.0	445	462	989.0
chr17	35119592	35119594	RAD51D_X1A	6263	696	516	542.0	830	1142	999.0	453	414	1075.0
chr17	35119593	35119595	RAD51D_X1A	5931	541	1168	350.0	524	803	761.0	253	294	915.0
chr17	35119594	35119596	RAD51D_X1A	6072	918	970	480.0	1024	792	773.0	506	345	897.0
chr17	35119595	35119597	RAD51D_X1A	12174	1378	1707	866.0	2027	1268	1743.0	1203	457	1729.0
chr17	35119597	35119599	RAD51D_X1A	3548	292	728	361.0	519	453	722.0	307	217	896.0
chr17	35119598	35119600	RAD51D_X1A	6049	525	742	345.0	608	1197	793.0	249	509	759.0
chr17	35119599	35119601	RAD51D_X1A	3476	314	527	373.0	763	679	533.0	409	188	488.0
chr17	35119600	35119602	RAD51D_X1A	4484	966	1171	592.0	880	1273	938.0	381	560	843.0
chr17	35119601	35119603	RAD51D_X1A	4843	1595	1728	970.0	2053	1633	1236.0	839	451	1111.0
chr17	35119602	35119604	RAD51D_X1A	4648	1206	1749	661.0	1424	1668	914.0	791	464	850.0
chr17	35119603	35119605	RAD51D_X1A	10210	2604	3747	1899.0	2830	3863	2494.0	1426	1388	2268.0
chr17	35119605	35119607	RAD51D_X1A	7719	2156	3606	1338.0	3440	4962	2867.0	2165	1995	3499.0
chr17	35119606	35119608	RAD51D_X1A	5261	1457	2193	881.0	2573	3330	2277.0	1505	1292	2812.0
chr17	35119607	35119609	RAD51D_X1A	9364	2445	4461	1710.0	3629	6911	4428.0	2151	3024	5490.0
chr17	35119609	35119611	RAD51D_X1A	8917	1712	3105	1174.0	867	1299	966.0	463	441	731.0
chr17	35119610	35119612	RAD51D_X1A	4927	1179	1662	813.0	252	554	375.0	98	178	188.0
chr17	35119611	35119613	RAD51D_X1A	4381	846	1224	461.0	315	439	307.0	141	231	175.0
chr17	35119612	35119614	RAD51D_X1A	5228	484	813	232.0	336	105	142.0	174	38	23.0
chr17	35119613	35119615	RAD51D_X1A	9976	876	1381	587.0	981	1592	1581.0	674	512	1768.0
chr17	35119615	35119617	RAD51D_X1A	4038	564	932	330.0	601	1213	600.0	326	407	794.0
chr17	35119616	35119618	RAD51D_X1A	4756	611	774	331.0	1015	1553	1002.0	609	603	1192.0
chr17	35119617	35119619	RAD51D_X1A	12397	1944	2046	829.0	3176	3105	2137.0	1871	1306	2699.0
chr17	35119619	35119621	RAD51D_X1A	11878	1598	1806	867.0	2677	2309	1955.0	1767	954	2379.0
chr17	35119621	35119623	RAD51D_X1A	13230	1576	2296	917.0	2124	3996	2149.0	1226	1808	2523.0
chr17	35119623	35119625	RAD51D_X1A	6096	526	786	304.0	414	1035	730.0	215	367	883.0
chr17	35119624	35119626	RAD51D_X1A	8107	1751	1927	1020.0	2337	2599	2106.0	1479	1013	2703.0
chr17	35119625	35119627	RAD51D_X1A	11899	1733	2256	1176.0	2478	3248	2641.0	1478	1408	3388.0
chr17	35119627	35119629	RAD51D_X1A	5854	785	984	500.0	1871	2229	1244.0	1218	1001	1454.0
chr17	35119628	35119630	RAD51D_X1A	4900	649	923	677.0	1180	1495	1350.0	656	659	1849.0
chr17	35119629	35119631	RAD51D_X1A	5404	1337	1448	610.0	2264	2121	1781.0	1406	864	2017.0
chr17	35119630	35119632	RAD51D_X1A	10408	2030	2906	1422.0	3872	4897	3394.0	2328	1890	3989.0
chr17	35119632	35119634	RAD51D_X1A	9314	2533	2916	1419.0	3140	4801	3759.0	1931	1971	4395.0
chr17	35119634	35119636	RAD51D_X1A	6146	1759	1387	732.0	2027	2307	2161.0	1307	1015	2515.0
chr17	35119635	35119637	RAD51D_X1A	11420	2072	2555	1419.0	1973	3720	2856.0	1288	1603	3437.0
chr17	35119637	35119639	RAD51D_X1A	5364	1121	1515	628.0	1713	2616	1698.0	1033	1111	2183.0
chr17	35119638	35119640	RAD51D_X1A	4132	1304	1860	505.0	2210	1585	1237.0	1329	686	1257.0
chr17	35119639	35119641	RAD51D_X1A	4770	725	1220	409.0	974	1442	1204.0	541	508	1501.0
chr17	35119640	35119642	RAD51D_X1A	13852	2788	2966	1586.0	3975	3530	3617.0	2150	1426	4494.0
chr17	35119643	35119645	RAD51D_X1A	5040	752	1657	445.0	1324	1995	1136.0	693	753	1420.0
chr17	35119644	35119646	RAD51D_X1A	4559	1162	1495	511.0	1476	2158	1152.0	922	1102	1313.0
chr17	35119645	35119647	RAD51D_X1A	4489	615	786	258.0	644	940	696.0	414	335	867.0
chr17	35119646	35119648	RAD51D_X1A	11059	1748	2657	1379.0	3452	3485	3066.0	1892	1535	3701.0
chr17	35119648	35119650	RAD51D_X1A	3429	417	859	332.0	689	1201	855.0	436	587	1097.0
chr17	35119649	35119651	RAD51D_X1A	4438	651	742	330.0	841	1186	931.0	525	568	1123.0
chr17	35119650	35119652	RAD51D_X1A	6108	1560	1602	858.0	3156	2150	2271.0	1914	962	2388.0
chr17	35119651	35119653	RAD51D_X1A	11799	2714	4535	1712.0	4271	7095	3909.0	2752	2778	4865.0
chr17	35119653	35119655	RAD51D_X1A	6141	2122	2571	1400.0	3000	3631	3318.0	1644	1492	3893.0
chr17	35119654	35119656	RAD51D_X1A	7562	2216	3044	1198.0	3313	4275	3277.0	1927	1796	4047.0
chr17	35119655	35119657	RAD51D_X1A	6714	1648	2593	1373.0	3119	3583	2984.0	2075	1467	3714.0
chr17	35119656	35119658	RAD51D_X1A	6752	2201	2413	1052.0	2898	3506	2874.0	1587	1479	3419.0
chr17	35119657	35119659	RAD51D_X1A	9150	1526	2616	1239.0	2288	3513	2847.0	1278	1441	3631.0
chr17	35119659	35119661	RAD51D_X1A	7128	1298	1916	887.0	1876	2327	1790.0	1023	1078	2382.0
chr17	35119660	35119662	RAD51D_X1A	7848	906	1744	602.0	1388	2362	1459.0	803	1173	1663.0
chr17	35119661	35119663	RAD51D_X1A	4369	576	961	332.0	1590	995	798.0	997	361	845.0
chr17	35119662	35119664	RAD51D_X1A	7637	1093	1561	658.0	1680	1375	1776.0	939	576	1996.0
chr17	35119663	35119665	RAD51D_X1A	6422	947	1102	466.0	1439	1640	1411.0	806	542	1429.0
chr17	35119664	35119666	RAD51D_X1A	5991	745	1683	558.0	1265	1681	1428.0	644	577	1526.0
chr17	35119665	35119667	RAD51D_X1A	7371	1629	2295	851.0	2082	1742	1797.0	1160	1024	2471.0
chr17	35119666	35119668	RAD51D_X1A	6348	903	1485	643.0	991	1742	1661.0	563	778	2135.0
chr17	35119667	35119669	RAD51D_X1A	15264	2341	3943	1884.0	4287	5813	4522.0	2465	2697	5486.0
chr17	35119669	35119671	RAD51D_X1A	30351	4526	6931	3328.0	6908	10506	7330.0	3920	4600	8593.0
chr17	35119673	35119675	RAD51D_X1A	5277	1051	1318	637.0	2509	2301	1961.0	1684	906	2014.0
chr17	35119461	35119463	RAD51D_X1B	2015	707	816	633.0	802	602	591.0	519	338	442.0
chr17	35119463	35119465	RAD51D_X1B	4447	1632	1766	1663.0	2620	1472	1205.0	1829	696	970.0
chr17	35119464	35119466	RAD51D_X1B	4039	1215	1669	1251.0	2290	1345	1198.0	1808	676	823.0
chr17	35119466	35119468	RAD51D_X1B	3387	1080	1437	944.0	1402	1259	756.0	1197	600	593.0
chr17	35119467	35119469	RAD51D_X1B	3674	1025	1047	1220.0	1485	844	1014.0	1055	380	772.0
chr17	35119468	35119470	RAD51D_X1B	5841	1353	2208	2201.0	2363	1588	1884.0	1808	727	1247.0
chr17	35119470	35119472	RAD51D_X1B	354	178	221	172.0	333	226	159.0	199	128	112.0
chr17	35119472	35119474	RAD51D_X1B	19147	5893	7412	6424.0	9067	6400	5736.0	6811	3106	4525.0
chr17	35119474	35119476	RAD51D_X1B	22409	6153	9281	8313.0	9609	7518	6973.0	6995	3796	5353.0
chr17	35119475	35119477	RAD51D_X1B	28889	8148	9949	9171.0	12764	8476	7710.0	9682	4454	5703.0
chr17	35119476	35119478	RAD51D_X1B	28416	7854	9049	10142.0	12243	8060	8140.0	9169	3716	5623.0
chr17	35119477	35119479	RAD51D_X1B	24133	7520	8706	8448.0	11194	7524	7202.0	8211	3797	5226.0
chr17	35119479	35119481	RAD51D_X1B	4855	1217	1748	1788.0	1619	1571	1651.0	1360	725	1218.0
chr17	35119480	35119482	RAD51D_X1B	11538	3782	3568	3229.0	5473	3302	3208.0	4217	1576	2377.0
chr17	35119481	35119483	RAD51D_X1B	5938	2064	2042	1371.0	3299	2119	1639.0	2305	1081	1126.0
chr17	35119482	35119484	RAD51D_X1B	4400	1307	1545	1320.0	1875	1428	1368.0	1261	678	917.0
chr17	35119483	35119485	RAD51D_X1B	3651	867	1276	1366.0	1419	1082	1180.0	986	646	876.0
chr17	35119484	35119486	RAD51D_X1B	5169	1673	2037	1897.0	1971	1494	1975.0	1583	681	1407.0
chr17	35119485	35119487	RAD51D_X1B	11619	3660	3921	4350.0	5445	3611	3982.0	3858	1610	2635.0
chr17	35119488	35119490	RAD51D_X1B	5190	1862	1828	1938.0	2421	1558	1720.0	1685	749	1549.0
chr17	35119489	35119491	RAD51D_X1B	5665	1855	2087	2300.0	2873	1968	1923.0	2186	896	1488.0
chr17	35119490	35119492	RAD51D_X1B	8097	2492	3061	2802.0	3727	2579	3069.0	3010	1566	2440.0
chr17	35119491	35119493	RAD51D_X1B	14083	4287	5104	4674.0	6624	4232	3982.0	5083	2010	2757.0
chr17	35119492	35119494	RAD51D_X1B	38214	10992	15262	13088.0	17117	13137	12234.0	12354	6128	8515.0
chr17	35119494	35119496	RAD51D_X1B	21701	6360	7909	8526.0	9072	6895	7269.0	7534	3404	5724.0
chr17	35119495	35119497	RAD51D_X1B	27554	7722	10512	9772.0	12342	8925	8687.0	8658	4454	6259.0
chr17	35119496	35119498	RAD51D_X1B	11500	2876	4453	3792.0	4894	3863	3186.0	3431	1872	2383.0
chr17	35119497	35119499	RAD51D_X1B	31418	10423	13642	12218.0	15654	10739	10625.0	11397	5364	8024.0
chr17	35119499	35119501	RAD51D_X1B	6751	2358	3287	2475.0	4311	2893	2670.0	3423	1302	2145.0
chr17	35119500	35119502	RAD51D_X1B	8331	2882	3284	3041.0	4510	2290	2898.0	3272	1164	2020.0
chr17	35119501	35119503	RAD51D_X1B	23466	7443	10097	8929.0	12439	7459	7682.0	9556	3817	6099.0
chr17	35119504	35119506	RAD51D_X1B	6245	1810	2220	1741.0	3252	2009	1705.0	1942	868	1150.0
chr17	35119505	35119507	RAD51D_X1B	74	15	33	45.0	41	24	13.0	35	10	9.0
chr17	35119507	35119509	RAD51D_X1B	22072	6387	9618	8531.0	10652	7440	7046.0	7358	3546	4703.0
chr17	35119508	35119510	RAD51D_X1B	15219	4974	5895	5369.0	7365	4355	4786.0	4994	1952	3312.0
chr17	35119509	35119511	RAD51D_X1B	21397	6173	7703	7901.0	9928	6723	6865.0	6656	3126	4606.0
chr17	35119510	35119512	RAD51D_X1B	17696	6037	6737	6513.0	8905	6015	6098.0	6611	3224	4587.0
chr17	35119511	35119513	RAD51D_X1B	17467	5410	6776	6735.0	8608	5810	6372.0	6641	2939	4974.0
chr17	35119512	35119514	RAD51D_X1B	12728	4028	5545	5196.0	7453	5238	4774.0	5462	2600	3336.0
chr17	35119513	35119515	RAD51D_X1B	12787	4234	5318	4856.0	6764	4142	4354.0	5092	2052	3151.0
chr17	35119514	35119516	RAD51D_X1B	5278	1632	2188	1938.0	2893	2299	1754.0	2043	1043	1239.0
chr17	35119515	35119517	RAD51D_X1B	2697	715	1219	1357.0	1449	973	899.0	1025	554	690.0
chr17	35119516	35119518	RAD51D_X1B	1463	537	550	484.0	882	443	511.0	724	273	335.0
chr17	35119517	35119519	RAD51D_X1B	3466	1057	1422	1253.0	1764	1112	1158.0	1296	506	827.0
chr17	35119518	35119520	RAD51D_X1B	1979	743	727	728.0	801	765	890.0	574	384	621.0
chr17	35119519	35119521	RAD51D_X1B	3890	1523	1489	1597.0	2027	1333	1499.0	1270	608	857.0
chr17	35119520	35119522	RAD51D_X1B	1007	296	605	445.0	400	276	314.0	231	136	231.0
chr17	35119521	35119523	RAD51D_X1B	7762	2521	3664	2844.0	3899	2347	2415.0	2472	1069	1619.0
chr17	35119523	35119525	RAD51D_X1B	4818	1537	1762	1895.0	2321	1624	1576.0	1553	719	1087.0
chr17	35119524	35119526	RAD51D_X1B	5585	1540	1975	1961.0	2711	1499	1784.0	1977	661	1213.0
chr17	35119525	35119527	RAD51D_X1B	8865	2810	3463	3166.0	4401	2967	2825.0	3021	1463	1971.0
chr17	35119526	35119528	RAD51D_X1B	5411	1672	2764	1932.0	2263	2077	1664.0	1554	920	1211.0
chr17	35119527	35119529	RAD51D_X1B	11860	3418	4577	3760.0	5062	3971	3585.0	3515	1780	2350.0
chr17	35119528	35119530	RAD51D_X1B	5473	1225	1638	1614.0	415	423	269.0	213	120	133.0
chr17	35119529	35119531	RAD51D_X1B	19628	4077	5020	5218.0	1414	1231	1208.0	896	505	740.0
chr17	35119531	35119533	RAD51D_X1B	8184	1763	2434	1512.0	691	609	287.0	532	231	160.0
chr17	35119532	35119534	RAD51D_X1B	7647	1343	2317	2048.0	468	626	533.0	332	282	389.0
chr17	35119533	35119535	RAD51D_X1B	5084	1193	1601	1554.0	393	433	338.0	244	162	256.0
chr17	35119534	35119536	RAD51D_X1B	4918	1447	1539	1093.0	835	529	391.0	348	148	246.0
chr17	35119535	35119537	RAD51D_X1B	12104	3666	4379	3540.0	2799	2063	1978.0	1771	662	1001.0
chr17	35119537	35119539	RAD51D_X1B	5249	1542	2153	2114.0	1322	1308	965.0	693	509	433.0
chr17	35119538	35119540	RAD51D_X1B	10496	3216	4041	3635.0	2575	1534	1496.0	1158	449	654.0
chr17	35119540	35119542	RAD51D_X1B	5557	2004	2074	1938.0	2755	1475	1320.0	1493	656	833.0
chr17	35119541	35119543	RAD51D_X1B	7303	2363	2756	2806.0	2985	2116	2136.0	1949	931	1355.0
chr17	35119544	35119546	RAD51D_X1B	4371	868	2025	1208.0	1843	1321	925.0	1108	644	739.0
chr17	35119545	35119547	RAD51D_X1B	3801	1193	1453	960.0	1703	1183	750.0	1202	508	459.0
chr17	35119547	35119549	RAD51D_X1B	3557	1199	1339	1211.0	1352	937	671.0	867	466	515.0
chr17	35119548	35119550	RAD51D_X1B	3668	1066	1104	1134.0	986	835	732.0	525	372	448.0
chr17	35119549	35119551	RAD51D_X1B	12351	2918	3779	3436.0	3687	3179	2417.0	2364	1571	1659.0
chr17	35119552	35119554	RAD51D_X1B	4264	1220	1256	918.0	1595	1009	844.0	997	403	439.0
chr17	35119553	35119555	RAD51D_X1B	4631	1506	1662	1098.0	1380	862	696.0	709	311	293.0
chr17	35119554	35119556	RAD51D_X1B	5078	1012	1383	1006.0	1013	734	430.0	428	226	204.0
chr17	35119555	35119557	RAD51D_X1B	12284	2428	3209	3288.0	2155	1422	1411.0	1096	591	868.0
chr17	35119558	35119560	RAD51D_X1B	4688	922	1210	1066.0	561	418	369.0	163	185	140.0
chr17	35119559	35119561	RAD51D_X1B	11357	1891	2794	2291.0	1199	916	776.0	550	326	384.0
chr17	35119561	35119563	RAD51D_X1B	4295	1022	857	796.0	904	631	539.0	384	244	289.0
chr17	35119562	35119564	RAD51D_X1B	6214	1349	1617	1882.0	1176	834	632.0	525	343	334.0
chr17	35119563	35119565	RAD51D_X1B	4105	1062	1254	1162.0	794	539	443.0	303	164	242.0
chr17	35119564	35119566	RAD51D_X1B	17642	3821	4696	3570.0	5961	3634	3004.0	4024	1551	1939.0
chr17	35119568	35119570	RAD51D_X1B	4669	878	1107	1378.0	527	482	292.0	278	173	110.0
chr17	35119569	35119571	RAD51D_X1B	21209	4289	6129	5569.0	4164	3340	2932.0	2158	1299	1426.0
chr17	35119573	35119575	RAD51D_X1B	4528	818	1015	1061.0	716	631	398.0	435	254	183.0
chr17	35119574	35119576	RAD51D_X1B	3875	620	754	1023.0	580	371	372.0	301	140	178.0
chr17	35119575	35119577	RAD51D_X1B	6635	1029	1659	1250.0	1130	1047	995.0	728	367	539.0
chr17	35119576	35119578	RAD51D_X1B	2704	484	602	669.0	715	423	425.0	519	132	295.0
chr17	35119577	35119579	RAD51D_X1B	5117	880	1155	1246.0	860	464	631.0	552	139	297.0
chr17	35119578	35119580	RAD51D_X1B	5522	1124	1268	1279.0	1565	1011	1279.0	1105	424	731.0
chr17	35119579	35119581	RAD51D_X1B	7772	1225	1932	1854.0	1849	1560	1393.0	1235	648	942.0
chr17	35119580	35119582	RAD51D_X1B	6966	1288	2020	1733.0	1892	1295	1322.0	1236	550	758.0
chr17	35119581	35119583	RAD51D_X1B	5108	1112	1047	1277.0	1388	1041	793.0	1026	399	499.0
chr17	35119582	35119584	RAD51D_X1B	1920	380	575	318.0	674	424	321.0	478	223	197.0
chr17	35119583	35119585	RAD51D_X1B	5125	934	1041	1187.0	1121	569	536.0	761	286	337.0
chr17	35119070	35119072	RAD51D_X2	2442	2846	2752		5929	2866		5889	2028	
chr17	35119072	35119074	RAD51D_X2	5238	5796	6420		12056	6184		10760	4691	
chr17	35119074	35119076	RAD51D_X2	3114	3172	3919		5838	3487		5721	2449	
chr17	35119075	35119077	RAD51D_X2	1604	1433	1714		2614	1556		2442	1188	
chr17	35119076	35119078	RAD51D_X2	2779	3485	3260		5961	3428		5090	2598	
chr17	35119077	35119079	RAD51D_X2	2080	2624	2917		6232	2791		5735	2327	
chr17	35119078	35119080	RAD51D_X2	2843	3210	3730		7663	2815		7273	2364	
chr17	35119079	35119081	RAD51D_X2	3747	4926	3876		8087	4378		7248	3346	
chr17	35119080	35119082	RAD51D_X2	1757	2299	2297		5066	2166		5741	1446	
chr17	35119081	35119083	RAD51D_X2	3319	3634	4480		7296	4124		7557	3411	
chr17	35119082	35119084	RAD51D_X2	2303	2816	3016		5688	3848		4925	2927	
chr17	35119083	35119085	RAD51D_X2	3472	3347	4037		8431	3490		7925	2748	
chr17	35119084	35119086	RAD51D_X2	2227	2859	2278		4359	2375		4648	1879	
chr17	35119085	35119087	RAD51D_X2	1968	1991	1889		4101	1626		4408	1212	
chr17	35119086	35119088	RAD51D_X2	2098	2500	2604		4716	2544		4392	1960	
chr17	35119087	35119089	RAD51D_X2	2975	5144	3806		7974	4057		7418	2954	
chr17	35119088	35119090	RAD51D_X2	2241	2660	2962		4814	2826		4784	2076	
chr17	35119089	35119091	RAD51D_X2	3385	3870	3718		7648	3564		8061	2660	
chr17	35119090	35119092	RAD51D_X2	2377	2178	3936		6375	3145		6594	2610	
chr17	35119091	35119093	RAD51D_X2	2924	3737	2808		7372	3385		6948	2512	
chr17	35119092	35119094	RAD51D_X2	4899	5146	6005		11485	5554		11522	4587	
chr17	35119094	35119096	RAD51D_X2	4503	4408	5675		11150	6752		11224	5201	
chr17	35119096	35119098	RAD51D_X2	3089	3938	3453		7087	3072		7574	2525	
chr17	35119097	35119099	RAD51D_X2	2089	2904	2546		4942	2302		4242	1855	
chr17	35119098	35119100	RAD51D_X2	5907	7090	8195		14589	6839		14592	5313	
chr17	35119100	35119102	RAD51D_X2	3375	5577	4158		9174	3876		8655	3183	
chr17	35119101	35119103	RAD51D_X2	6691	9632	13101		16316	8859		15254	6965	
chr17	35119104	35119106	RAD51D_X2	3610	4261	5037		6096	2999		4970	2313	
chr17	35119105	35119107	RAD51D_X2	3479	3528	3849		406	169		117	390	
chr17	35119106	35119108	RAD51D_X2	2652	3090	2950		306	267		158	332	
chr17	35119107	35119109	RAD51D_X2	2619	3265	3092		198	144		185	272	
chr17	35119108	35119110	RAD51D_X2	4733	4771	5439		559	178		492	496	
chr17	35119110	35119112	RAD51D_X2	3785	3232	4840		511	218		286	405	
chr17	35119111	35119113	RAD51D_X2	3783	4187	5718		460	173		601	414	
chr17	35119112	35119114	RAD51D_X2	5827	5359	5891		476	253		308	668	
chr17	35119114	35119116	RAD51D_X2	2347	2503	2557		3909	1850		3239	1338	
chr17	35119115	35119117	RAD51D_X2	2650	2916	3073		4551	2233		4327	1530	
chr17	35119116	35119118	RAD51D_X2	5901	7468	6792		13542	5539		13461	4768	
chr17	35119118	35119120	RAD51D_X2	3005	3013	3493		6341	3129		6503	2355	
chr17	35119119	35119121	RAD51D_X2	5326	7338	6266		14436	6839		13917	4743	
chr17	35119121	35119123	RAD51D_X2	2439	3590	3319		5341	2820		5093	2253	
chr17	35119122	35119124	RAD51D_X2	2575	2981	3392		5384	3246		4927	2619	
chr17	35119123	35119125	RAD51D_X2	4067	5747	5371		11383	4999		10189	3610	
chr17	35119124	35119126	RAD51D_X2	5716	7112	7447		14684	6619		13830	4961	
chr17	35119126	35119128	RAD51D_X2	2209	2599	2451		4999	2211		4573	1828	
chr17	35119127	35119129	RAD51D_X2	3731	4182	4983		9175	4226		7936	3129	
chr17	35119128	35119130	RAD51D_X2	2630	2434	3077		7529	3144		6493	2385	
chr17	35119129	35119131	RAD51D_X2	2931	2939	3433		5920	3190		6742	2392	
chr17	35119130	35119132	RAD51D_X2	5465	6165	5188		13258	6258		13935	5014	
chr17	35119132	35119134	RAD51D_X2	2533	2527	3539		5320	2937		5205	2186	
chr17	35119133	35119135	RAD51D_X2	2095	2651	4793		4561	2555		4105	2175	
chr17	35119134	35119136	RAD51D_X2	3258	3194	3913		7039	3378		6423	2340	
chr17	35119135	35119137	RAD51D_X2	2016	2316	1952		5934	2143		6014	1628	
chr17	35119136	35119138	RAD51D_X2	2874	2992	3679		5998	3671		5586	3078	
chr17	35119137	35119139	RAD51D_X2	4072	4536	4724		9665	4141		9276	3173	
chr17	35119139	35119141	RAD51D_X2	3289	4227	3773		6671	3166		6191	2506	
chr17	35119140	35119142	RAD51D_X2	4724	6118	5575		10775	5819		10961	4731	
chr17	35119142	35119144	RAD51D_X2	7176	7491	7688		14942	7678		14071	5815	
chr17	35119145	35119147	RAD51D_X2	2727	695	1391		2401	1142		1846	741	
chr17	35119146	35119148	RAD51D_X2	2572	245	224		372	151		317	124	
chr17	35119147	35119149	RAD51D_X2	5790	5509	5893		11947	5498		12213	4038	
chr17	35119150	35119152	RAD51D_X2	2218	3592	2524		2874	1258		2127	814	
chr17	35119151	35119153	RAD51D_X2	3072	3280	3362		3606	2140		2866	1403	
chr17	35119152	35119154	RAD51D_X2	5956	8456	7825		12415	6988		11795	4842	
chr17	35119154	35119156	RAD51D_X2	5756	6004	6825		12076	6010		10862	4802	
chr17	35119156	35119158	RAD51D_X2	4186	4952	3655		7575	3247		6677	2523	
chr17	35119158	35119160	RAD51D_X2	2096	2338	2002		2758	1240		2442	823	
chr17	35119159	35119161	RAD51D_X2	3085	2842	2885		3710	1951		3186	1289	
chr17	35119160	35119162	RAD51D_X2	5865	5035	5028		7944	3419		8016	2508	
chr17	35119162	35119164	RAD51D_X2	3072	2004	2269		1901	854		1204	714	
chr17	35119163	35119165	RAD51D_X2	3434	2780	2539		797	542		202	404	
chr17	35119164	35119166	RAD51D_X2	3304	1842	2600		145	136		9	214	
chr17	35119165	35119167	RAD51D_X2	4046	2427	2694		572	125		379	181	
chr17	35119166	35119168	RAD51D_X2	3893	2911	2501		179	127		109	350	
chr17	35119167	35119169	RAD51D_X2	14217	9805	10630		5498	2996		2947	1615	
chr17	35119172	35119174	RAD51D_X2	2502	1460	1609		171	142		318	174	
chr17	35119173	35119175	RAD51D_X2	2307	1563	1404		129	137		34	192	
chr17	35119174	35119176	RAD51D_X2	2769	1535	1851		237	146		352	241	
chr17	35119175	35119177	RAD51D_X2	2568	1604	1932		1691	1023		1624	787	
chr17	35119176	35119178	RAD51D_X2	6181	3923	4381		5057	2690		5093	2092	
chr17	35119178	35119180	RAD51D_X2	8817	5690	7034		11808	6464		11776	5157	
chr17	35119181	35119183	RAD51D_X2	6024	3455	4230		6347	4382		6692	3307	
chr17	35119183	35119185	RAD51D_X2	3745	2625	3340		5488	2655		4953	2358	
chr17	35119185	35119187	RAD51D_X2	2255	1521	1513		2573	1248		2617	947	
chr17	35119186	35119188	RAD51D_X2	3230	1438	1689		3740	1895		3442	1360	
chr17	35119187	35119189	RAD51D_X2	2322	1474	1785		2947	1693		2949	1202	
chr17	35119188	35119190	RAD51D_X2	1903	595	1053		1902	1341		1955	1359	
chr17	35119189	35119191	RAD51D_X2	2350	1107	879		2446	1246		1744	827	
chr17	35119190	35119192	RAD51D_X2	2416	887	990		1526	1345		1557	955	
chr17	35119191	35119193	RAD51D_X2	2551	1157	1416		3232	1523		3345	1112	
chr17	35118525	35118527	RAD51D_X3A	4609	1732	1701	1167.0	3389	2858	2806.0	3123	5950	4945.0
chr17	35118527	35118529	RAD51D_X3A	2539	774	820	695.0	1948	1011	1825.0	1917	2119	3414.0
chr17	35118528	35118530	RAD51D_X3A	2582	1138	1030	984.0	1965	1673	1978.0	1954	3368	3486.0
chr17	35118530	35118532	RAD51D_X3A	5004	2430	2029	1545.0	6059	2467	2833.0	5739	4706	4675.0
chr17	35118533	35118535	RAD51D_X3A	2585	1016	988	794.0	1737	1141	1746.0	1529	2332	2596.0
chr17	35118534	35118536	RAD51D_X3A	4325	1821	1400	1407.0	3723	2401	3401.0	3609	5083	4837.0
chr17	35118535	35118537	RAD51D_X3A	9873	3761	4119	3970.0	3105	2030	2623.0	2069	2989	2770.0
chr17	35118538	35118540	RAD51D_X3A	2710	1060	946	870.0	530	359	537.0	256	500	529.0
chr17	35118539	35118541	RAD51D_X3A	2089	933	946	806.0	607	741	566.0	375	1360	734.0
chr17	35118540	35118542	RAD51D_X3A	3031	943	1406	811.0	2800	995	2206.0	2461	1862	3330.0
chr17	35118541	35118543	RAD51D_X3A	3789	1279	1634	971.0	610	497	877.0	417	402	628.0
chr17	35118542	35118544	RAD51D_X3A	2384	928	691	918.0	1619	897	1327.0	1446	1510	1648.0
chr17	35118543	35118545	RAD51D_X3A	8747	3598	3615	2637.0	5402	3494	3592.0	4847	5876	4963.0
chr17	35118546	35118548	RAD51D_X3A	5559	2164	1682	1986.0	153	87	166.0	480	609	886.0
chr17	35118548	35118550	RAD51D_X3A	3841	1651	1873	1350.0	2304	1675	1960.0	1485	1906	1749.0
chr17	35118550	35118552	RAD51D_X3A	2878	1034	1161	1182.0	1049	759	3003.0	560	764	3002.0
chr17	35118551	35118553	RAD51D_X3A	3253	1490	1429	1643.0	1129	1437	1039.0	924	2300	1103.0
chr17	35118552	35118554	RAD51D_X3A	2389	1460	1194	1236.0	3969	1467	2299.0	3292	2341	3131.0
chr17	35118553	35118555	RAD51D_X3A	1509	782	936	700.0	753	1354	1001.0	573	2360	1176.0
chr17	35118555	35118557	RAD51D_X3A	4540	2235	2165	2392.0	2905	1471	2490.0	2126	2089	2955.0
chr17	35118556	35118558	RAD51D_X3A	5177	3237	3711	2783.0	1737	1519	1914.0	972	1809	1440.0
chr17	35118558	35118560	RAD51D_X3A	3162	1888	2129	2052.0	992	476	508.0	531	374	307.0
chr17	35118559	35118561	RAD51D_X3A	6399	4128	4480	4076.0	748	689	822.0	204	398	579.0
chr17	35118561	35118563	RAD51D_X3A	2801	1736	2051	1626.0	597	353	382.0	144	232	218.0
chr17	35118562	35118564	RAD51D_X3A	2817	1665	2484	1864.0	1651	1007	1718.0	1089	1028	1675.0
chr17	35118563	35118565	RAD51D_X3A	2712	1648	1877	1286.0	114	19	30.0	17	6	16.0
chr17	35118564	35118566	RAD51D_X3A	2566	1819	1817	1299.0	3022	2243	1980.0	2265	3795	2912.0
chr17	35118565	35118567	RAD51D_X3A	2991	2062	1957	2117.0	3451	2609	3480.0	2991	4941	4561.0
chr17	35118566	35118568	RAD51D_X3A	2739	1462	2261	1777.0	3427	3033	2520.0	3033	5478	3192.0
chr17	35118568	35118570	RAD51D_X3A	2368	2029	2307	1724.0	3895	2480	3266.0	3185	4466	4556.0
chr17	35118569	35118571	RAD51D_X3A	2648	2168	2098	2107.0	5372	2201	3698.0	5300	3720	5098.0
chr17	35118571	35118573	RAD51D_X3A	2163	1913	1817	1413.0	3021	1657	2030.0	2255	2523	2704.0
chr17	35118572	35118574	RAD51D_X3A	2108	1581	1578	1460.0	1979	785	1797.0	1392	1080	1946.0
chr17	35118573	35118575	RAD51D_X3A	1397	1120	1014	1016.0	1822	636	903.0	1459	1106	948.0
chr17	35118574	35118576	RAD51D_X3A	2252	1522	1589	1734.0	3978	1953	1952.0	3633	3308	2430.0
chr17	35118575	35118577	RAD51D_X3A	2627	1468	1883	1316.0	1765	1618	2259.0	1262	2480	2884.0
chr17	35118576	35118578	RAD51D_X3A	4367	2831	2505	2443.0	2935	2472	2491.0	2018	3486	3058.0
chr17	35118578	35118580	RAD51D_X3A	2340	1710	1431	1250.0	3452	1373	2388.0	2696	2389	3040.0
chr17	35118579	35118581	RAD51D_X3A	3575	1966	2608	2442.0	3049	2587	3005.0	2387	4367	3952.0
chr17	35118580	35118582	RAD51D_X3A	4119	3046	3294	2827.0	6717	4541	5638.0	6261	7796	8510.0
chr17	35118582	35118584	RAD51D_X3A	2523	2152	1601	1483.0	5032	2299	4617.0	4703	3919	6570.0
chr17	35118583	35118585	RAD51D_X3A	2269	1560	1730	1302.0	3254	2466	2802.0	2950	4151	4699.0
chr17	35118584	35118586	RAD51D_X3A	3314	1931	3254	2819.0	5357	4618	4759.0	4840	7693	6601.0
chr17	35118585	35118587	RAD51D_X3A	2796	2405	1771	1854.0	5362	3093	5288.0	4604	5360	7515.0
chr17	35118586	35118588	RAD51D_X3A	1802	1312	1304	1233.0	2894	2359	2851.0	2561	3597	3881.0
chr17	35118587	35118589	RAD51D_X3A	2921	1822	2038	2496.0	6803	3446	4174.0	5870	5617	6292.0
chr17	35118588	35118590	RAD51D_X3A	2550	1612	1572	1561.0	3321	1574	3789.0	2566	2674	5398.0
chr17	35118589	35118591	RAD51D_X3A	3169	2420	2286	2549.0	1675	1072	1767.0	956	1055	1315.0
chr17	35118590	35118592	RAD51D_X3A	14360	10127	10933	9281.0	11621	7617	9185.0	7044	10205	9999.0
chr17	35118596	35118598	RAD51D_X3A	5522	4149	4165	3713.0	6704	3591	4440.0	4803	5265	4731.0
chr17	35118598	35118600	RAD51D_X3A	3799	2544	3126	2984.0	2074	1562	2873.0	1173	2175	3112.0
chr17	35118599	35118601	RAD51D_X3A	6150	4049	4799	5059.0	3199	2162	3013.0	1753	2394	2590.0
chr17	35118602	35118604	RAD51D_X3A	3761	2310	3349	2266.0	1820	2008	1908.0	1170	2539	1708.0
chr17	35118604	35118606	RAD51D_X3A	2018	1182	1230	1044.0	1835	629	1438.0	1385	674	1248.0
chr17	35118605	35118607	RAD51D_X3A	2800	1811	1883	1931.0	645	482	782.0	367	437	894.0
chr17	35118606	35118608	RAD51D_X3A	3232	2612	2687	2295.0	2184	864	1124.0	1331	1084	857.0
chr17	35118607	35118609	RAD51D_X3A	3574	2478	3019	2549.0	2326	1297	1649.0	1299	1296	1508.0
chr17	35118608	35118610	RAD51D_X3A	2304	1710	1827	1486.0	998	642	1025.0	511	685	739.0
chr17	35118609	35118611	RAD51D_X3A	2612	1979	1797	1842.0	3027	2244	2212.0	2177	3173	2572.0
chr17	35118610	35118612	RAD51D_X3A	5541	4328	3864	3993.0	4718	2303	3699.0	3352	2827	3871.0
chr17	35118612	35118614	RAD51D_X3A	6297	4657	3736	3581.0	943	614	1071.0	319	445	909.0
chr17	35118614	35118616	RAD51D_X3A	1899	1146	978	1074.0	1105	842	890.0	669	1160	1006.0
chr17	35118615	35118617	RAD51D_X3A	4198	2859	2717	2498.0	1255	702	1362.0	882	902	1021.0
chr17	35118616	35118618	RAD51D_X3A	3157	2519	1861	2217.0	5595	3451	5121.0	4771	6255	7246.0
chr17	35118617	35118619	RAD51D_X3A	3682	3034	2423	2106.0	917	791	1054.0	488	787	618.0
chr17	35118618	35118620	RAD51D_X3A	3436	2495	2315	1990.0	322	397	408.0	163	711	358.0
chr17	35118619	35118621	RAD51D_X3A	2913	1959	1797	1817.0	199	203	243.0	130	254	269.0
chr17	35118620	35118622	RAD51D_X3A	8922	6995	6139	5821.0	1461	357	651.0	948	324	939.0
chr17	35118622	35118624	RAD51D_X3A	4625	3612	3457	3036.0	2615	1924	2293.0	1463	2379	2243.0
chr17	35118623	35118625	RAD51D_X3A	3777	4153	2532	2491.0	2123	1124	1292.0	1211	1369	1204.0
chr17	35118624	35118626	RAD51D_X3A	3486	2887	2625	2452.0	4705	3222	3521.0	3646	5076	5101.0
chr17	35118625	35118627	RAD51D_X3A	3259	2026	2196	1977.0	2080	1274	1686.0	1387	1512	1499.0
chr17	35118626	35118628	RAD51D_X3A	3871	2349	2916	1879.0	878	827	808.0	391	835	634.0
chr17	35118627	35118629	RAD51D_X3A	3495	2130	2266	2001.0	3731	2312	2247.0	3234	2700	2528.0
chr17	35118628	35118630	RAD51D_X3A	3160	2141	2460	2261.0	4817	3705	4878.0	4021	6401	6021.0
chr17	35118629	35118631	RAD51D_X3A	3964	3202	3135	2681.0	5569	4942	7167.0	4862	8679	9538.0
chr17	35118630	35118632	RAD51D_X3A	2739	2625	2958	1811.0	7518	4290	3558.0	6849	8270	4963.0
chr17	35118631	35118633	RAD51D_X3A	5026	4045	3864	3611.0	7906	4967	9706.0	7717	9277	13164.0
chr17	35118633	35118635	RAD51D_X3A	2357	1831	2089	1771.0	4613	3740	4120.0	4454	6812	5976.0
chr17	35118634	35118636	RAD51D_X3A	1437	713	782	890.0	2033	906	2286.0	1888	1952	3224.0
chr17	35118635	35118637	RAD51D_X3A	2625	1786	1799	1968.0	2525	1883	3918.0	2713	3700	5708.0
chr17	35118636	35118638	RAD51D_X3A	1833	1651	1445	1011.0	3182	1538	2109.0	3217	2935	3350.0
chr17	35118637	35118639	RAD51D_X3A	2057	1886	1340	1674.0	3484	2110	3601.0	3402	3806	6065.0
chr17	35118638	35118640	RAD51D_X3A	5817	4684	4338	4532.0	9889	6120	9795.0	9494	12415	14558.0
chr17	35118641	35118643	RAD51D_X3A	1145	1094	734	1143.0	2884	1103	2060.0	2928	1681	2996.0
chr17	35118642	35118644	RAD51D_X3A	2005	1262	1291	1233.0	1089	702	875.0	645	718	695.0
chr17	35118643	35118645	RAD51D_X3A	1633	1076	1280	1071.0	2700	2142	2436.0	2777	4166	3816.0
chr17	35118452	35118454	RAD51D_X3B	3419	4317	4281	2542.0	4720	6210	4485.0	14827	5672	5637.0
chr17	35118453	35118455	RAD51D_X3B	3322	4433	3686	2433.0	4392	4248	3512.0	12969	3938	4536.0
chr17	35118454	35118456	RAD51D_X3B	7632	8532	8106	5555.0	9919	10889	8403.0	27421	9468	11461.0
chr17	35118456	35118458	RAD51D_X3B	2046	2460	2305	1727.0	2497	3171	2494.0	7140	2859	3772.0
chr17	35118457	35118459	RAD51D_X3B	4458	4350	5041	3065.0	6485	8307	6410.0	18695	7760	9058.0
chr17	35118459	35118461	RAD51D_X3B	13046	17380	15128	10275.0	18260	22187	18424.0	51572	21046	26688.0
chr17	35118464	35118466	RAD51D_X3B	5305	6211	6777	4256.0	8180	11632	9477.0	25121	11844	13843.0
chr17	35118466	35118468	RAD51D_X3B	3126	4335	3578	2325.0	4478	4723	4718.0	13810	4354	7099.0
chr17	35118467	35118469	RAD51D_X3B	5891	7230	6892	4753.0	8065	11159	7863.0	22810	10661	11159.0
chr17	35118469	35118471	RAD51D_X3B	2365	2965	2726	2071.0	3751	5790	3918.0	11286	6080	6326.0
chr17	35118470	35118472	RAD51D_X3B	2773	3501	3231	2402.0	4025	5180	4252.0	11851	4649	5809.0
chr17	35118471	35118473	RAD51D_X3B	2785	3518	3344	2407.0	5252	5436	4763.0	15205	5486	6902.0
chr17	35118472	35118474	RAD51D_X3B	8618	11582	10122	6708.0	12882	16380	12234.0	37123	14972	16848.0
chr17	35118475	35118477	RAD51D_X3B	13546	17134	15844	11182.0	20111	25228	20186.0	57911	23110	27664.0
chr17	35118480	35118482	RAD51D_X3B	2786	3425	2841	1927.0	2251	2598	1999.0	5112	1831	1924.0
chr17	35118481	35118483	RAD51D_X3B	5545	6607	6049	4759.0	4503	4661	4516.0	11116	3739	4773.0
chr17	35118483	35118485	RAD51D_X3B	2088	2652	2192	1619.0	1618	2157	1797.0	3632	1705	2190.0
chr17	35118484	35118486	RAD51D_X3B	2694	3539	3025	2094.0	3687	4688	3025.0	10813	4338	4424.0
chr17	35118485	35118487	RAD51D_X3B	1819	1826	1804	1449.0	1575	1760	1764.0	3910	1308	2376.0
chr17	35118486	35118488	RAD51D_X3B	5070	6536	6206	4747.0	6709	10199	7647.0	20165	9315	10400.0
chr17	35118488	35118490	RAD51D_X3B	2174	2958	3155	2186.0	3269	4778	3169.0	9111	4802	4190.0
chr17	35118489	35118491	RAD51D_X3B	3145	4427	4223	2909.0	5102	6346	5573.0	15218	6316	8008.0
chr17	35118490	35118492	RAD51D_X3B	2132	3121	2703	2195.0	3877	4741	3730.0	11979	4831	5779.0
chr17	35118491	35118493	RAD51D_X3B	2037	2851	2697	1685.0	3360	4469	2899.0	9579	4360	4137.0
chr17	35118492	35118494	RAD51D_X3B	2310	3041	2823	2134.0	3571	4633	3626.0	10700	4616	5192.0
chr17	35118493	35118495	RAD51D_X3B	2989	3625	3147	2561.0	1369	1155	1039.0	2806	641	1064.0
chr17	35118494	35118496	RAD51D_X3B	2478	3071	2731	2110.0	401	339	197.0	941	290	234.0
chr17	35118495	35118497	RAD51D_X3B	4497	5162	4986	3416.0	595	528	504.0	1049	373	354.0
chr17	35118497	35118499	RAD51D_X3B	2020	2231	2155	1342.0	324	213	289.0	873	114	367.0
chr17	35118498	35118500	RAD51D_X3B	2048	2855	2325	1745.0	295	537	252.0	400	318	302.0
chr17	35118499	35118501	RAD51D_X3B	2040	2256	2083	1363.0	263	142	269.0	688	53	299.0
chr17	35118500	35118502	RAD51D_X3B	1706	2329	1719	1413.0	267	141	254.0	508	40	151.0
chr17	35118501	35118503	RAD51D_X3B	5013	6440	6566	4030.0	1884	2645	1540.0	2791	1532	1219.0
chr17	35118503	35118505	RAD51D_X3B	2599	3836	3487	2381.0	4039	5690	4498.0	12116	5039	6273.0
chr17	35118504	35118506	RAD51D_X3B	2302	2655	2996	2020.0	4213	5427	4046.0	12154	5191	6388.0
chr17	35118505	35118507	RAD51D_X3B	2001	2559	2971	1867.0	4021	5374	3893.0	12452	5132	5697.0
chr17	35118506	35118508	RAD51D_X3B	1874	2946	2233	1571.0	3512	4220	3215.0	10561	4265	5014.0
chr17	35118507	35118509	RAD51D_X3B	1685	2335	2087	1571.0	1207	1468	1450.0	2316	1040	1492.0
chr17	35118508	35118510	RAD51D_X3B	2234	3681	3229	1834.0	4005	4939	3986.0	12757	4834	5690.0
chr17	35118509	35118511	RAD51D_X3B	2691	3810	3649	1979.0	3774	5499	4178.0	11429	5354	6026.0
chr17	35118510	35118512	RAD51D_X3B	2597	3512	3204	2055.0	4213	5177	4185.0	12133	5151	6490.0
chr17	35118511	35118513	RAD51D_X3B	2441	3660	2958	1840.0	1813	2719	1834.0	3660	1811	1768.0
chr17	35118513	35118515	RAD51D_X3B	6464	9601	8238	5620.0	2500	3027	2900.0	4382	1340	2062.0
chr17	35118515	35118517	RAD51D_X3B	2567	3905	3448	2583.0	1568	1838	1894.0	3322	1176	1552.0
chr17	35118517	35118519	RAD51D_X3B	2788	4538	3441	2414.0	3197	2889	2858.0	8249	2394	3177.0
chr17	35118518	35118520	RAD51D_X3B	3190	4361	4235	2990.0	3405	4569	3573.0	8061	3495	3966.0
chr17	35118521	35118523	RAD51D_X3B	4995	6734	6539	4921.0	8696	10778	7948.0	26686	10208	11130.0
chr17	35118523	35118525	RAD51D_X3B	2064	2715	2938	2038.0	4356	5130	4174.0	13883	5112	5945.0
chr17	35118524	35118526	RAD51D_X3B	2678	4166	4042	2835.0	5715	7451	5141.0	18456	7634	8344.0
chr17	35118525	35118527	RAD51D_X3B	3912	5817	5765	3961.0	9006	10474	8503.0	28180	9929	12977.0
chr17	35118527	35118529	RAD51D_X3B	2393	3442	3351	2423.0	4370	6984	5393.0	14074	6747	7700.0
chr17	35118528	35118530	RAD51D_X3B	3874	6707	5450	4176.0	7954	8665	9197.0	25935	8057	13475.0
chr17	35118530	35118532	RAD51D_X3B	5432	8346	7870	5607.0	10159	12946	10739.0	31132	12944	15839.0
chr17	35118533	35118535	RAD51D_X3B	1514	2568	2011	1298.0	1641	1784	1444.0	4269	1291	1681.0
chr17	35118534	35118536	RAD51D_X3B	2670	4313	3760	2475.0	3202	4457	3138.0	8418	3797	4148.0
chr17	35118535	35118537	RAD51D_X3B	7166	9945	8653	5853.0	1410	2015	1292.0	2201	1377	877.0
chr17	35118538	35118540	RAD51D_X3B	2346	3041	2857	2208.0	437	516	399.0	854	254	271.0
chr17	35118539	35118541	RAD51D_X3B	2694	4072	3168	2178.0	529	536	478.0	734	244	239.0
chr17	35118540	35118542	RAD51D_X3B	3063	4238	4054	2997.0	2460	3539	2331.0	5039	2577	2640.0
chr17	35118541	35118543	RAD51D_X3B	2881	3896	3614	2360.0	362	399	425.0	395	123	288.0
chr17	35118542	35118544	RAD51D_X3B	2974	3966	3713	2515.0	1474	2006	1304.0	2705	1085	1105.0
chr17	35118543	35118545	RAD51D_X3B	8513	12407	11437	8059.0	4155	4571	3804.0	8084	2521	3166.0
chr17	35118546	35118548	RAD51D_X3B	5508	7089	7218	4864.0	442	983	657.0	467	721	681.0
chr17	35118548	35118550	RAD51D_X3B	3202	4647	4268	3246.0	2276	2819	2205.0	4266	1920	2036.0
chr17	35118550	35118552	RAD51D_X3B	2946	3922	3978	2685.0	2914	3556	3001.0	6891	2599	3289.0
chr17	35118551	35118553	RAD51D_X3B	2599	3363	3290	2512.0	1927	2466	1986.0	4555	1733	1987.0
chr17	35118553	35118555	RAD51D_X3B	2055	2571	2946	1759.0	1104	1446	886.0	1797	840	636.0
chr17	35118554	35118556	RAD51D_X3B	3596	4682	4034	3335.0	930	1366	1081.0	1195	724	809.0
chr17	35118556	35118558	RAD51D_X3B	6022	7212	7298	5361.0	1210	1373	1197.0	1931	623	844.0
chr17	35118558	35118560	RAD51D_X3B	2970	3554	3344	2384.0	487	667	413.0	1048	300	224.0
chr17	35118559	35118561	RAD51D_X3B	5684	6111	5965	4232.0	582	901	520.0	1097	683	509.0
chr17	35118561	35118563	RAD51D_X3B	2509	2921	2485	1785.0	377	284	399.0	509	180	450.0
chr17	35118562	35118564	RAD51D_X3B	2784	2614	3012	2200.0	401	622	431.0	507	360	307.0
chr17	35118563	35118565	RAD51D_X3B	2942	2989	2474	1927.0	445	515	486.0	937	388	388.0
chr17	35118564	35118566	RAD51D_X3B	1863	1478	1830	1072.0	483	494	398.0	720	174	447.0
chr17	35118565	35118567	RAD51D_X3B	2230	2504	1868	1495.0	778	905	614.0	1779	389	242.0
chr17	35118566	35118568	RAD51D_X3B	1978	1549	1823	1279.0	571	700	468.0	1115	264	294.0
chr17	35118567	35118569	RAD51D_X3B	2215	2168	1827	1397.0	1228	1297	1252.0	2528	883	1448.0
chr17	35107351	35107353	RAD51D_X4	1807	1576	1584		1708	3413		2284	2230	
chr17	35107352	35107354	RAD51D_X4	1993	1370	2132		1764	3531		2359	2667	
chr17	35107353	35107355	RAD51D_X4	1902	1723	2133		1757	4657		2211	3581	
chr17	35107354	35107356	RAD51D_X4	3148	2744	3194		2882	6237		3544	4049	
chr17	35107356	35107358	RAD51D_X4	1417	1487	1509		1569	3320		2220	2368	
chr17	35107357	35107359	RAD51D_X4	1386	1100	1630		982	2133		1315	1632	
chr17	35107358	35107360	RAD51D_X4	1219	682	820		790	1646		895	1237	
chr17	35107359	35107361	RAD51D_X4	1240	1168	1240		1046	2861		1512	1821	
chr17	35107360	35107362	RAD51D_X4	2608	2198	2748		475	667		367	220	
chr17	35107361	35107363	RAD51D_X4	1796	1278	1679		285	373		65	108	
chr17	35107362	35107364	RAD51D_X4	1529	1321	1595		242	395		68	118	
chr17	35107363	35107365	RAD51D_X4	1866	1335	1688		296	224		175	59	
chr17	35107364	35107366	RAD51D_X4	1857	1561	1786		375	680		112	159	
chr17	35107365	35107367	RAD51D_X4	1915	2159	1564		335	450		85	112	
chr17	35107366	35107368	RAD51D_X4	1682	1691	1498		363	766		64	348	
chr17	35107367	35107369	RAD51D_X4	1841	1574	2004		317	466		95	228	
chr17	35107368	35107370	RAD51D_X4	1888	1901	1771		308	435		68	117	
chr17	35107369	35107371	RAD51D_X4	1634	1688	1614		318	410		39	173	
chr17	35107370	35107372	RAD51D_X4	2516	2392	2619		702	723		276	175	
chr17	35107371	35107373	RAD51D_X4	4461	4451	5480		2346	3955		1522	1696	
chr17	35107373	35107375	RAD51D_X4	3842	4758	4950		2180	3774		1682	1757	
chr17	35107374	35107376	RAD51D_X4	2384	3007	4232		722	849		332	266	
chr17	35107375	35107377	RAD51D_X4	6667	8644	10801		1892	2342		340	728	
chr17	35107378	35107380	RAD51D_X4	2308	3046	3313		1137	1877		625	772	
chr17	35107379	35107381	RAD51D_X4	3567	5333	5632		2874	5422		2199	2323	
chr17	35107381	35107383	RAD51D_X4	2108	3208	3395		1576	2792		1293	1387	
chr17	35107382	35107384	RAD51D_X4	2898	5088	5048		1935	3485		997	1243	
chr17	35107383	35107385	RAD51D_X4	1966	2592	3428		687	1325		396	463	
chr17	35107384	35107386	RAD51D_X4	2310	3092	4304		938	958		450	208	
chr17	35107385	35107387	RAD51D_X4	1879	2516	3594		948	1491		449	778	
chr17	35107386	35107388	RAD51D_X4	3491	5189	5791		1927	3182		823	1181	
chr17	35107387	35107389	RAD51D_X4	2659	4109	5448		1468	2328		659	766	
chr17	35107392	35107394	RAD51D_X4	3953	5962	6212		1714	1899		500	503	
chr17	35107394	35107396	RAD51D_X4	4323	5992	7329		1489	2224		455	772	
chr17	35107396	35107398	RAD51D_X4	1478	2610	2544		519	479		203	113	
chr17	35107397	35107399	RAD51D_X4	1371	2226	2096		470	305		176	95	
chr17	35107398	35107400	RAD51D_X4	3124	4902	5057		959	1270		548	516	
chr17	35107399	35107401	RAD51D_X4	1756	2960	3164		472	414		55	111	
chr17	35107400	35107402	RAD51D_X4	1903	2614	3267		442	567		97	133	
chr17	35107401	35107403	RAD51D_X4	1790	2309	2394		462	467		151	150	
chr17	35107402	35107404	RAD51D_X4	2294	3047	3634		673	604		201	267	
chr17	35107403	35107405	RAD51D_X4	2526	3678	4432		803	1372		341	623	
chr17	35107404	35107406	RAD51D_X4	1987	2595	2834		647	552		188	181	
chr17	35107405	35107407	RAD51D_X4	2399	3046	3673		714	971		242	349	
chr17	35107406	35107408	RAD51D_X4	2724	3474	4057		839	890		361	240	
chr17	35107407	35107409	RAD51D_X4	7644	10573	13193		5404	11740		4182	5786	
chr17	35107410	35107412	RAD51D_X4	5612	8152	9559		4071	9351		3516	4735	
chr17	35107412	35107414	RAD51D_X4	2271	3130	4451		1748	3691		1393	2149	
chr17	35107413	35107415	RAD51D_X4	2467	3855	4251		1779	3855		1362	1985	
chr17	35107414	35107416	RAD51D_X4	2512	4517	4856		3476	7706		3824	5211	
chr17	35107416	35107418	RAD51D_X4	2891	4251	5093		3274	6631		3819	4121	
chr17	35107420	35107422	RAD51D_X4	2848	4423	4303		2845	6069		2950	3644	
chr17	35107423	35107425	RAD51D_X4	5523	7780	8932		3330	5270		2064	2017	
chr17	35107425	35107427	RAD51D_X4	6995	9845	12594		5873	12705		5632	6643	
chr17	35107428	35107430	RAD51D_X4	6489	9866	11379		7996	16228		9018	10650	
chr17	35107431	35107433	RAD51D_X4	2109	3470	3643		2758	5214		3145	3304	
chr17	35107432	35107434	RAD51D_X4	1558	2146	2655		1873	4639		2168	3422	
chr17	35107433	35107435	RAD51D_X4	6689	8817	11069		5933	13262		5372	7547	
chr17	35107436	35107438	RAD51D_X4	2659	4202	4404		2460	3657		2057	1742	
chr17	35107437	35107439	RAD51D_X4	3030	4361	5595		2780	4980		2343	2842	
chr17	35107438	35107440	RAD51D_X4	3059	4488	5562		3306	6944		3325	4602	
chr17	35107439	35107441	RAD51D_X4	4320	6064	7386		4146	7937		3810	4667	
chr17	35107441	35107443	RAD51D_X4	4870	7005	9025		3922	8516		3474	4602	
chr17	35107443	35107445	RAD51D_X4	3747	5212	6709		3574	8156		3205	4180	
chr17	35107444	35107446	RAD51D_X4	5636	9176	9806		6833	13769		7616	8650	
chr17	35107446	35107448	RAD51D_X4	3098	5032	5004		812	1050		268	250	
chr17	35107447	35107449	RAD51D_X4	1990	2790	3332		575	894		153	254	
chr17	35107448	35107450	RAD51D_X4	2802	4074	4671		832	755		404	316	
chr17	35107449	35107451	RAD51D_X4	7440	12146	12778		11296	26690		14052	17738	
chr17	35107452	35107454	RAD51D_X4	2921	4992	5448		3301	7879		3469	5156	
chr17	35107453	35107455	RAD51D_X4	2653	4347	5511		3633	8419		4191	5417	
chr17	35107454	35107456	RAD51D_X4	5195	8348	9235		7838	20041		9958	13478	
chr17	35107456	35107458	RAD51D_X4	9425	15154	17035		12185	29647		15241	20443	
chr17	35107460	35107462	RAD51D_X4	2207	3975	3835		3830	8095		4427	5426	
chr17	35107461	35107463	RAD51D_X4	10409	16004	19413		14579	32383		18244	22038	
chr17	35107466	35107468	RAD51D_X4	1449	2360	2820		1875	3600		2679	2484	
chr17	35107032	35107034	RAD51D_X5A	3778	1481	1250	1510.0	546	657	550.0	376	251	426.0
chr17	35107035	35107037	RAD51D_X5A	927	370	284	496.0	114	155	243.0	48	41	171.0
chr17	35107036	35107038	RAD51D_X5A	909	296	299	352.0	198	249	225.0	62	84	152.0
chr17	35107037	35107039	RAD51D_X5A	3128	1097	833	1093.0	650	745	518.0	283	272	136.0
chr17	35107039	35107041	RAD51D_X5A	1997	635	547	776.0	514	515	469.0	252	132	263.0
chr17	35107040	35107042	RAD51D_X5A	3613	1090	1253	1482.0	1105	1366	755.0	502	388	391.0
chr17	35107042	35107044	RAD51D_X5A	1830	646	624	778.0	394	250	287.0	220	84	191.0
chr17	35107043	35107045	RAD51D_X5A	2112	766	803	767.0	277	457	214.0	112	231	103.0
chr17	35107044	35107046	RAD51D_X5A	1727	577	551	600.0	575	495	435.0	204	162	272.0
chr17	35107045	35107047	RAD51D_X5A	3578	1192	956	1329.0	1137	883	709.0	596	276	486.0
chr17	35107047	35107049	RAD51D_X5A	1534	494	385	484.0	1041	822	612.0	699	326	463.0
chr17	35107048	35107050	RAD51D_X5A	2950	1153	794	1106.0	1852	1798	1162.0	1235	770	820.0
chr17	35107049	35107051	RAD51D_X5A	5986	2002	2093	2464.0	2939	3993	2494.0	1582	1539	1892.0
chr17	35107052	35107054	RAD51D_X5A	1762	554	636	808.0	954	1736	808.0	648	687	686.0
chr17	35107053	35107055	RAD51D_X5A	1402	448	451	667.0	925	1073	667.0	649	513	497.0
chr17	35107054	35107056	RAD51D_X5A	1523	562	488	637.0	1075	980	824.0	696	532	577.0
chr17	35107055	35107057	RAD51D_X5A	1792	713	582	734.0	1389	1296	950.0	870	571	743.0
chr17	35107056	35107058	RAD51D_X5A	1350	593	398	623.0	388	226	164.0	191	125	41.0
chr17	35107057	35107059	RAD51D_X5A	1530	652	549	1157.0	1332	1159	1255.0	817	593	1005.0
chr17	35107058	35107060	RAD51D_X5A	1423	669	630	672.0	1217	869	969.0	825	394	943.0
chr17	35107059	35107061	RAD51D_X5A	1681	621	454	870.0	1013	1075	1060.0	602	494	842.0
chr17	35107060	35107062	RAD51D_X5A	1563	590	710	865.0	1120	1628	1094.0	845	883	929.0
chr17	35107061	35107063	RAD51D_X5A	2251	1092	759	1023.0	2285	1668	1779.0	1545	920	1420.0
chr17	35107062	35107064	RAD51D_X5A	3120	1117	1217	1538.0	483	611	258.0	351	196	195.0
chr17	35107064	35107066	RAD51D_X5A	882	354	400	490.0	100	277	107.0	62	102	110.0
chr17	35107065	35107067	RAD51D_X5A	915	537	418	427.0	224	210	64.0	110	95	26.0
chr17	35107066	35107068	RAD51D_X5A	1400	612	469	866.0	429	139	214.0	306	33	123.0
chr17	35107067	35107069	RAD51D_X5A	1062	390	273	373.0	174	218	66.0	105	105	18.0
chr17	35107068	35107070	RAD51D_X5A	1306	456	500	775.0	193	192	105.0	116	78	69.0
chr17	35107069	35107071	RAD51D_X5A	965	440	347	666.0	250	130	114.0	133	58	86.0
chr17	35107070	35107072	RAD51D_X5A	3714	1612	1379	2014.0	814	763	565.0	569	296	466.0
chr17	35107072	35107074	RAD51D_X5A	3459	1407	1221	1958.0	568	577	443.0	329	182	256.0
chr17	35107074	35107076	RAD51D_X5A	1854	1154	1011	1002.0	1535	1947	1315.0	1015	882	1010.0
chr17	35107075	35107077	RAD51D_X5A	1633	788	750	1024.0	1377	2070	1605.0	878	928	1241.0
chr17	35107076	35107078	RAD51D_X5A	3193	1663	1634	1783.0	3625	3235	2796.0	2431	1472	2356.0
chr17	35107078	35107080	RAD51D_X5A	1390	773	758	966.0	1707	2068	1336.0	1221	1033	1160.0
chr17	35107079	35107081	RAD51D_X5A	5465	3688	3310	4347.0	7309	7696	6622.0	5033	3919	5616.0
chr17	35107085	35107087	RAD51D_X5A	5588	4563	3778	5202.0	9810	10121	8400.0	6543	5214	6814.0
chr17	35107086	35107088	RAD51D_X5A	3073	2495	2518	3099.0	5519	6127	4887.0	3854	3241	4137.0
chr17	35107087	35107089	RAD51D_X5A	2818	2135	1933	2962.0	5013	5033	4266.0	3595	2357	3861.0
chr17	35107089	35107091	RAD51D_X5A	1144	1091	1052	1292.0	1924	3236	2092.0	1412	1686	1960.0
chr17	35107090	35107092	RAD51D_X5A	1424	1291	1027	1356.0	2391	2120	1827.0	1681	1200	1457.0
chr17	35107091	35107093	RAD51D_X5A	1620	1258	1169	1321.0	2200	2952	2012.0	1475	1527	1662.0
chr17	35107092	35107094	RAD51D_X5A	2094	1363	1151	1950.0	878	849	574.0	438	345	298.0
chr17	35107093	35107095	RAD51D_X5A	3391	2285	2457	3080.0	1938	1804	1616.0	800	506	828.0
chr17	35107097	35107099	RAD51D_X5A	1419	1107	854	1368.0	573	614	732.0	242	186	466.0
chr17	35107098	35107100	RAD51D_X5A	1341	898	958	1702.0	1708	1862	1499.0	980	686	894.0
chr17	35107099	35107101	RAD51D_X5A	877	748	717	783.0	660	459	331.0	323	115	151.0
chr17	35107100	35107102	RAD51D_X5A	1518	1315	706	1252.0	519	527	565.0	166	199	261.0
chr17	35107101	35107103	RAD51D_X5A	1739	1223	1311	1570.0	388	688	234.0	223	307	181.0
chr17	35107102	35107104	RAD51D_X5A	6987	5634	4859	6030.0	2256	3212	1932.0	1229	1348	1330.0
chr17	35107106	35107108	RAD51D_X5A	1404	1190	758	1470.0	759	653	664.0	397	193	372.0
chr17	35107107	35107109	RAD51D_X5A	2362	1680	1870	2254.0	864	808	425.0	445	350	279.0
chr17	35107108	35107110	RAD51D_X5A	1453	976	1093	1366.0	379	589	238.0	215	274	123.0
chr17	35107109	35107111	RAD51D_X5A	1483	870	1116	1494.0	328	469	460.0	154	176	277.0
chr17	35107110	35107112	RAD51D_X5A	1535	1262	1343	1620.0	519	439	407.0	256	166	300.0
chr17	35107111	35107113	RAD51D_X5A	1320	1074	1035	1456.0	409	480	404.0	175	172	211.0
chr17	35107112	35107114	RAD51D_X5A	1758	1539	1290	2009.0	707	738	405.0	415	277	336.0
chr17	35107113	35107115	RAD51D_X5A	1336	1137	1071	1265.0	483	396	267.0	234	156	171.0
chr17	35107114	35107116	RAD51D_X5A	2310	1610	1637	2059.0	489	763	536.0	285	288	429.0
chr17	35107115	35107117	RAD51D_X5A	1304	1226	1077	1241.0	652	423	273.0	429	190	167.0
chr17	35107116	35107118	RAD51D_X5A	1254	824	1110	1337.0	392	316	333.0	198	99	295.0
chr17	35107117	35107119	RAD51D_X5A	1192	851	817	1027.0	258	458	384.0	142	294	196.0
chr17	35107118	35107120	RAD51D_X5A	1273	1001	942	1278.0	355	515	449.0	258	205	329.0
chr17	35107119	35107121	RAD51D_X5A	1094	851	753	1054.0	347	200	140.0	239	85	96.0
chr17	35107120	35107122	RAD51D_X5A	1995	1500	1414	1960.0	622	768	363.0	431	300	273.0
chr17	35107121	35107123	RAD51D_X5A	1741	1498	1303	1906.0	414	512	433.0	166	168	378.0
chr17	35107122	35107124	RAD51D_X5A	1424	1144	1228	1130.0	252	331	345.0	139	119	237.0
chr17	35107123	35107125	RAD51D_X5A	2040	1268	1345	1545.0	473	566	521.0	232	174	340.0
chr17	35107124	35107126	RAD51D_X5A	1958	1639	1174	1828.0	596	734	452.0	416	328	271.0
chr17	35107125	35107127	RAD51D_X5A	6392	4662	4168	6083.0	10240	11296	8474.0	7389	5736	7913.0
chr17	35107128	35107130	RAD51D_X5A	3953	3176	2807	3936.0	7215	7034	5855.0	5446	3552	5175.0
chr17	35107131	35107133	RAD51D_X5A	6253	4904	4582	5986.0	10327	11420	9894.0	7361	5970	8630.0
chr17	35107134	35107136	RAD51D_X5A	2052	1538	1316	2040.0	3011	3364	3534.0	2264	1926	3022.0
chr17	35107135	35107137	RAD51D_X5A	1980	1562	1478	1853.0	3753	4433	2627.0	2686	2284	2416.0
chr17	35107136	35107138	RAD51D_X5A	1292	1570	1456	1972.0	3448	3430	3554.0	2404	1827	3248.0
chr17	35107137	35107139	RAD51D_X5A	1252	1030	1083	1336.0	2254	3006	1851.0	1558	1418	1575.0
chr17	35107138	35107140	RAD51D_X5A	1640	1157	1497	1565.0	2843	3436	2565.0	2053	1626	2141.0
chr17	35107139	35107141	RAD51D_X5A	2173	1811	1838	2387.0	4235	4349	3232.0	2766	2081	2608.0
chr17	35107140	35107142	RAD51D_X5A	1565	1065	1174	1221.0	2178	2637	2238.0	1451	1348	1850.0
chr17	35107141	35107143	RAD51D_X5A	3795	3192	2728	3722.0	6487	6748	5218.0	4501	3171	4149.0
chr17	35107144	35107146	RAD51D_X5A	1292	1127	1048	1302.0	2238	2150	1588.0	1587	931	1442.0
chr17	35107145	35107147	RAD51D_X5A	1181	1017	704	1345.0	2261	1843	1817.0	1583	940	1373.0
chr17	35107146	35107148	RAD51D_X5A	1671	1303	1059	1739.0	2926	2819	2550.0	2063	1339	2146.0
chr17	35107147	35107149	RAD51D_X5A	1422	922	977	1326.0	2084	2584	1745.0	1313	1158	1228.0
chr17	35107148	35107150	RAD51D_X5A	1575	1254	944	1547.0	2884	2574	1966.0	2057	1194	1551.0
chr17	35106957	35106959	RAD51D_X5B	8823	1818	812	1453.0	3040	2353	2821.0	655	789	1449.0
chr17	35106959	35106961	RAD51D_X5B	6629	1119	859	821.0	1801	876	1915.0	845	440	872.0
chr17	35106960	35106962	RAD51D_X5B	2327	376	305	357.0	545	834	628.0	235	132	303.0
chr17	35106961	35106963	RAD51D_X5B	7712	1443	742	1328.0	1952	1853	2272.0	492	508	1016.0
chr17	35106962	35106964	RAD51D_X5B	6631	1187	519	816.0	1800	1268	1594.0	433	433	673.0
chr17	35106963	35106965	RAD51D_X5B	3263	557	401	567.0	849	687	1069.0	389	221	438.0
chr17	35106964	35106966	RAD51D_X5B	4666	783	544	724.0	1013	1521	1194.0	536	264	657.0
chr17	35106965	35106967	RAD51D_X5B	2492	519	219	325.0	1190	487	719.0	132	309	355.0
chr17	35106966	35106968	RAD51D_X5B	9974	2180	1343	1328.0	3086	1703	3031.0	1307	829	1580.0
chr17	35106967	35106969	RAD51D_X5B	7149	1590	1145	1186.0	2355	1602	2282.0	743	579	1108.0
chr17	35106968	35106970	RAD51D_X5B	10878	2282	1120	1519.0	3375	3099	3352.0	909	897	1756.0
chr17	35106969	35106971	RAD51D_X5B	11586	2608	1548	1700.0	3788	2833	3320.0	1170	942	1653.0
chr17	35106970	35106972	RAD51D_X5B	5980	1153	672	870.0	1953	1696	1647.0	531	569	781.0
chr17	35106971	35106973	RAD51D_X5B	25451	4815	2853	4183.0	7854	5220	7874.0	2530	1993	4247.0
chr17	35106974	35106976	RAD51D_X5B	17465	3663	2108	2898.0	4923	4563	5191.0	1855	1267	2427.0
chr17	35106976	35106978	RAD51D_X5B	17591	3097	1947	2548.0	5322	3999	5263.0	1560	1444	2857.0
chr17	35106978	35106980	RAD51D_X5B	20968	4187	3091	2769.0	6322	5268	6262.0	2426	1889	3666.0
chr17	35106980	35106982	RAD51D_X5B	13099	2633	1171	1786.0	4175	2397	3806.0	1056	1265	2263.0
chr17	35106981	35106983	RAD51D_X5B	9954	2292	1250	1234.0	2709	2490	2531.0	722	793	1484.0
chr17	35106982	35106984	RAD51D_X5B	11770	2006	859	1468.0	562	175	355.0	103	128	158.0
chr17	35106983	35106985	RAD51D_X5B	8940	1733	835	1253.0	240	115	336.0	73	49	109.0
chr17	35106984	35106986	RAD51D_X5B	8553	1695	928	876.0	375	181	228.0	149	94	121.0
chr17	35106985	35106987	RAD51D_X5B	7786	1399	604	942.0	356	81	256.0	109	90	107.0
chr17	35106986	35106988	RAD51D_X5B	9398	1508	810	1468.0	305	215	261.0	396	85	112.0
chr17	35106987	35106989	RAD51D_X5B	8755	1540	964	1252.0	342	119	208.0	62	75	89.0
chr17	35106988	35106990	RAD51D_X5B	11683	2220	1403	1441.0	251	136	292.0	124	54	126.0
chr17	35106989	35106991	RAD51D_X5B	23620	4410	2486	3256.0	2815	2270	2897.0	674	633	1051.0
chr17	35106991	35106993	RAD51D_X5B	8716	2052	742	1519.0	2509	2010	2551.0	692	755	1532.0
chr17	35106992	35106994	RAD51D_X5B	53502	11671	6528	8419.0	15309	9957	15289.0	4457	3716	7082.0
chr17	35106998	35107000	RAD51D_X5B	30742	6171	3392	4393.0	8172	5519	7657.0	2522	2030	3754.0
chr17	35107001	35107003	RAD51D_X5B	18541	2986	1965	2796.0	4390	3455	4960.0	1548	980	2363.0
chr17	35107003	35107005	RAD51D_X5B	10894	2339	994	1598.0	2602	1370	2368.0	768	604	1170.0
chr17	35107004	35107006	RAD51D_X5B	11929	2486	1261	1578.0	3552	2738	3315.0	966	934	1607.0
chr17	35107005	35107007	RAD51D_X5B	14107	2387	1705	1904.0	2899	2496	3330.0	1205	780	1623.0
chr17	35107006	35107008	RAD51D_X5B	9929	1983	931	1361.0	2034	1184	2092.0	565	493	897.0
chr17	35107008	35107010	RAD51D_X5B	18990	3619	2182	2490.0	5510	4583	5342.0	1773	1393	2654.0
chr17	35107011	35107013	RAD51D_X5B	14887	2935	1300	1990.0	4231	2847	4084.0	762	1070	2054.0
chr17	35107012	35107014	RAD51D_X5B	10769	2076	633	1537.0	2642	1839	2570.0	379	606	1145.0
chr17	35107013	35107015	RAD51D_X5B	10969	2066	1155	1490.0	3259	1701	2782.0	681	848	1384.0
chr17	35107014	35107016	RAD51D_X5B	12652	2401	1325	1705.0	3111	2270	3404.0	919	842	1525.0
chr17	35107015	35107017	RAD51D_X5B	7375	1391	702	1160.0	2122	1240	1832.0	457	557	836.0
chr17	35107016	35107018	RAD51D_X5B	7239	1885	943	1119.0	2437	1563	2126.0	518	643	1179.0
chr17	35107017	35107019	RAD51D_X5B	1113	268	247	160.0	255	78	195.0	132	42	77.0
chr17	35107019	35107021	RAD51D_X5B	40809	8231	4650	5722.0	6565	4914	6174.0	1502	1268	2577.0
chr17	35107023	35107025	RAD51D_X5B	20183	3875	1868	2836.0	764	624	854.0	61	96	299.0
chr17	35107025	35107027	RAD51D_X5B	8947	1902	791	1084.0	672	752	510.0	99	126	171.0
chr17	35107026	35107028	RAD51D_X5B	59547	10919	6020	8062.0	3560	2476	3273.0	360	529	999.0
chr17	35107032	35107034	RAD51D_X5B	29305	5016	3454	4072.0	1035	707	918.0	647	158	312.0
chr17	35107035	35107037	RAD51D_X5B	12738	2274	1486	1769.0	498	194	393.0	125	73	137.0
chr17	35107036	35107038	RAD51D_X5B	13167	2702	1446	1880.0	638	360	644.0	180	88	235.0
chr17	35107037	35107039	RAD51D_X5B	22040	3985	2403	2961.0	900	396	700.0	151	201	241.0
chr17	35107039	35107041	RAD51D_X5B	14301	2482	1139	1992.0	1097	926	820.0	87	143	247.0
chr17	35107040	35107042	RAD51D_X5B	21451	3649	2473	3106.0	1577	813	1427.0	370	224	383.0
chr17	35107042	35107044	RAD51D_X5B	5582	1053	547	783.0	209	243	171.0	34	44	89.0
chr17	35107043	35107045	RAD51D_X5B	19242	3866	2035	2522.0	725	485	764.0	154	152	310.0
chr17	35107044	35107046	RAD51D_X5B	11390	2395	1284	1742.0	584	459	631.0	58	85	179.0
chr17	35107045	35107047	RAD51D_X5B	22017	3641	2322	3091.0	812	939	1261.0	106	101	312.0
chr17	35107047	35107049	RAD51D_X5B	10556	2172	876	1409.0	2348	1255	1854.0	539	467	938.0
chr17	35107048	35107050	RAD51D_X5B	15933	3533	2241	2313.0	3617	2012	3227.0	1275	808	1495.0
chr17	35107049	35107051	RAD51D_X5B	29047	4978	3311	3714.0	4254	3295	4091.0	1284	865	1649.0
chr17	35107052	35107054	RAD51D_X5B	9425	2214	1163	1401.0	2328	2020	2010.0	462	512	898.0
chr17	35107053	35107055	RAD51D_X5B	10949	1878	1363	1623.0	2984	1131	2369.0	886	640	1034.0
chr17	35107054	35107056	RAD51D_X5B	10003	2122	1209	1639.0	3251	1239	2645.0	986	722	1090.0
chr17	35107055	35107057	RAD51D_X5B	7538	1679	840	1311.0	1857	2176	1777.0	724	472	773.0
chr17	35107056	35107058	RAD51D_X5B	8139	1647	836	1264.0	408	305	510.0	33	57	150.0
chr17	35107057	35107059	RAD51D_X5B	6027	1466	710	1208.0	1583	1057	1365.0	383	390	606.0
chr17	35107058	35107060	RAD51D_X5B	9037	1898	706	1902.0	2353	1951	2484.0	432	621	1113.0
chr17	35107059	35107061	RAD51D_X5B	7895	1496	904	1372.0	1524	1082	1726.0	555	424	739.0
chr17	35107060	35107062	RAD51D_X5B	12117	3042	1785	2108.0	3847	2460	3862.0	1290	952	1778.0
chr17	35107061	35107063	RAD51D_X5B	7956	1970	1193	1290.0	2746	2386	2656.0	1053	713	1384.0
chr17	35107062	35107064	RAD51D_X5B	23981	5180	2828	4074.0	769	329	784.0	58	132	265.0
chr17	35107064	35107066	RAD51D_X5B	5206	1041	660	742.0	141	380	141.0	13	19	26.0
chr17	35107065	35107067	RAD51D_X5B	5405	945	679	796.0	134	106	231.0	28	13	65.0
chr17	35107066	35107068	RAD51D_X5B	7042	1633	796	1202.0	202	313	324.0	52	37	133.0
chr17	35107067	35107069	RAD51D_X5B	7115	1756	844	1343.0	213	184	287.0	17	28	121.0
chr17	35107068	35107070	RAD51D_X5B	4956	1000	347	599.0	189	451	53.0	8	26	11.0
chr17	35107069	35107071	RAD51D_X5B	11255	2818	1248	1806.0	648	114	396.0	153	119	102.0
chr17	35107070	35107072	RAD51D_X5B	20431	4250	2044	3347.0	845	634	760.0	125	99	261.0
chr17	35106376	35106378	RAD51D_X6	506	1144	1245		2144	2258		1595	589	
chr17	35106378	35106380	RAD51D_X6	688	1342	1908		2689	2842		1991	821	
chr17	35106379	35106381	RAD51D_X6	801	1451	2194		1751	1869		893	352	
chr17	35106380	35106382	RAD51D_X6	699	1261	1587		542	424		167	91	
chr17	35106381	35106383	RAD51D_X6	840	1645	2015		606	620		258	116	
chr17	35106382	35106384	RAD51D_X6	621	1347	1784		451	449		182	62	
chr17	35106383	35106385	RAD51D_X6	597	950	1616		429	345		234	86	
chr17	35106385	35106387	RAD51D_X6	754	1493	2260		631	618		233	93	
chr17	35106386	35106388	RAD51D_X6	894	1933	2460		3555	3778		2659	1201	
chr17	35106390	35106392	RAD51D_X6	828	1472	1937		3439	3144		2374	1001	
chr17	35106391	35106393	RAD51D_X6	1088	2128	2554		4327	4645		3122	1488	
chr17	35106392	35106394	RAD51D_X6	694	1517	1749		2958	2691		2060	867	
chr17	35106393	35106395	RAD51D_X6	924	1852	2491		4433	3744		2731	1170	
chr17	35106394	35106396	RAD51D_X6	866	1417	2173		4192	3888		2700	1175	
chr17	35106396	35106398	RAD51D_X6	643	1114	1872		3009	2912		2202	863	
chr17	35106397	35106399	RAD51D_X6	594	1315	1579		2600	3193		2220	834	
chr17	35106398	35106400	RAD51D_X6	726	1089	1806		2980	2777		2113	894	
chr17	35106399	35106401	RAD51D_X6	796	1576	2232		3460	3217		2611	859	
chr17	35106400	35106402	RAD51D_X6	913	1676	2642		3815	3745		2942	1171	
chr17	35106401	35106403	RAD51D_X6	838	2214	2837		4175	4114		2882	1189	
chr17	35106402	35106404	RAD51D_X6	806	1792	2392		3694	3444		2899	1064	
chr17	35106404	35106406	RAD51D_X6	856	1960	2594		3962	4314		2618	1197	
chr17	35106405	35106407	RAD51D_X6	854	1674	2352		3386	3361		2151	899	
chr17	35106406	35106408	RAD51D_X6	1166	2338	3198		4706	5020		3346	1515	
chr17	35106408	35106410	RAD51D_X6	737	1495	2014		3285	3227		2604	996	
chr17	35106409	35106411	RAD51D_X6	744	1781	2016		3429	3461		2788	897	
chr17	35106410	35106412	RAD51D_X6	606	1310	1653		3165	2899		2294	826	
chr17	35106413	35106415	RAD51D_X6	679	1239	1534		1415	1742		908	381	
chr17	35106415	35106417	RAD51D_X6	1045	2048	2600		833	710		293	162	
chr17	35106419	35106421	RAD51D_X6	866	1812	2367		725	771		309	108	
chr17	35106420	35106422	RAD51D_X6	627	1597	1793		551	668		183	73	
chr17	35106421	35106423	RAD51D_X6	599	1334	1470		422	436		169	42	
chr17	35106423	35106425	RAD51D_X6	744	1642	2031		647	605		199	109	
chr17	35106424	35106426	RAD51D_X6	663	1183	1811		540	519		262	110	
chr17	35106425	35106427	RAD51D_X6	649	1106	1613		501	601		199	100	
chr17	35106428	35106430	RAD51D_X6	643	1172	1760		513	413		233	64	
chr17	35106430	35106432	RAD51D_X6	820	1938	2346		815	690		286	120	
chr17	35106431	35106433	RAD51D_X6	715	1440	2064		593	512		280	81	
chr17	35106432	35106434	RAD51D_X6	821	1565	2246		579	790		252	162	
chr17	35106433	35106435	RAD51D_X6	766	1730	2250		518	600		279	108	
chr17	35106434	35106436	RAD51D_X6	535	1294	1873		531	484		165	89	
chr17	35106437	35106439	RAD51D_X6	857	1946	3073		677	658		353	149	
chr17	35106439	35106441	RAD51D_X6	689	1427	2082		627	494		323	110	
chr17	35106440	35106442	RAD51D_X6	989	2589	3293		976	986		379	194	
chr17	35106441	35106443	RAD51D_X6	781	1901	2345		654	653		225	77	
chr17	35106442	35106444	RAD51D_X6	811	2288	2647		603	548		264	121	
chr17	35106443	35106445	RAD51D_X6	652	1630	2271		1733	1580		822	346	
chr17	35106444	35106446	RAD51D_X6	617	1626	2288		2097	2070		1210	556	
chr17	35106445	35106447	RAD51D_X6	742	2136	2517		1404	1582		601	306	
chr17	35106446	35106448	RAD51D_X6	894	2782	3339		937	1006		335	188	
chr17	35106447	35106449	RAD51D_X6	910	2965	4069		1075	1092		259	147	
chr17	35106448	35106450	RAD51D_X6	758	2436	3507		682	705		420	132	
chr17	35106449	35106451	RAD51D_X6	701	2248	2796		661	845		201	171	
chr17	35106450	35106452	RAD51D_X6	821	2755	3829		890	757		353	137	
chr17	35106451	35106453	RAD51D_X6	942	3137	4320		1085	947		548	158	
chr17	35106452	35106454	RAD51D_X6	781	2766	3763		701	882		292	179	
chr17	35106457	35106459	RAD51D_X6	816	3124	4107		836	1055		405	223	
chr17	35106458	35106460	RAD51D_X6	467	1591	2233		427	502		289	96	
chr17	35106460	35106462	RAD51D_X6	862	3210	4255		984	1042		394	198	
chr17	35106462	35106464	RAD51D_X6	420	1847	2703		676	701		163	99	
chr17	35106463	35106465	RAD51D_X6	820	3123	4312		1132	1089		425	172	
chr17	35106469	35106471	RAD51D_X6	618	1801	2668		655	868		201	149	
chr17	35106471	35106473	RAD51D_X6	452	1593	2206		400	473		173	61	
chr17	35106472	35106474	RAD51D_X6	713	2733	3202		675	824		379	128	
chr17	35106473	35106475	RAD51D_X6	596	2177	2846		1340	1458		485	216	
chr17	35106474	35106476	RAD51D_X6	932	3914	4958		4760	4725		2672	935	
chr17	35106475	35106477	RAD51D_X6	1120	4798	6288		5658	5968		3347	1532	
chr17	35106478	35106480	RAD51D_X6	1377	5677	7342		9069	8955		5885	2318	
chr17	35106480	35106482	RAD51D_X6	1191	4324	6141		1637	1546		622	249	
chr17	35106481	35106483	RAD51D_X6	1238	4279	6225		1472	1633		500	300	
chr17	35106482	35106484	RAD51D_X6	937	3525	5378		1185	1272		392	208	
chr17	35106483	35106485	RAD51D_X6	646	2585	3374		764	712		316	130	
chr17	35106484	35106486	RAD51D_X6	879	3363	4260		8371	8260		6599	2653	
chr17	35106486	35106488	RAD51D_X6	1274	5048	6804		13761	13096		10725	4205	
chr17	35106487	35106489	RAD51D_X6	831	3283	4649		9110	8943		6601	2922	
chr17	35106489	35106491	RAD51D_X6	958	3662	5066		10290	10626		8328	3269	
chr17	35103440	35103442	RAD51D_X7	1427	2332	2980	3375.0	3934	2069	2528.0	1471	2243	1848.0
chr17	35103441	35103443	RAD51D_X7	2034	3907	4932	5454.0	4740	3679	4008.0	2070	4190	2685.0
chr17	35103443	35103445	RAD51D_X7	551	1189	1482	1670.0	1309	911	1063.0	555	1087	781.0
chr17	35103444	35103446	RAD51D_X7	2405	3986	4814	5662.0	5649	3849	5012.0	2333	4517	3661.0
chr17	35103447	35103449	RAD51D_X7	1004	2137	2597	2444.0	2595	1417	1386.0	1178	1434	996.0
chr17	35103448	35103450	RAD51D_X7	910	1508	1765	2032.0	1140	529	748.0	448	433	423.0
chr17	35103449	35103451	RAD51D_X7	987	1415	2305	2036.0	679	439	852.0	215	445	537.0
chr17	35103450	35103452	RAD51D_X7	1037	1976	1969	2101.0	1880	601	824.0	609	449	389.0
chr17	35103451	35103453	RAD51D_X7	1849	2830	4326	4341.0	2499	1587	1341.0	774	1221	676.0
chr17	35103453	35103455	RAD51D_X7	847	1425	1795	1913.0	861	511	875.0	222	450	454.0
chr17	35103454	35103456	RAD51D_X7	2021	4065	4889	5258.0	5379	3290	3517.0	2181	3219	2520.0
chr17	35103456	35103458	RAD51D_X7	971	1821	2218	2558.0	2405	2293	1836.0	1041	2490	1229.0
chr17	35103457	35103459	RAD51D_X7	1068	1750	2604	2498.0	2305	1623	1623.0	877	1923	1141.0
chr17	35103458	35103460	RAD51D_X7	1761	3143	4129	4901.0	3440	3229	3975.0	1549	3637	2995.0
chr17	35103460	35103462	RAD51D_X7	1093	2247	2772	2568.0	3539	1925	2189.0	1585	2228	1540.0
chr17	35103461	35103463	RAD51D_X7	3482	7349	9454	8793.0	9321	6092	7690.0	3814	6611	5018.0
chr17	35103465	35103467	RAD51D_X7	994	1738	2256	2654.0	2401	1568	2100.0	1038	1706	1490.0
chr17	35103466	35103468	RAD51D_X7	941	1822	2035	2752.0	2513	1914	1779.0	861	1921	1319.0
chr17	35103467	35103469	RAD51D_X7	898	1821	2105	2257.0	2600	1381	1839.0	925	1410	1225.0
chr17	35103468	35103470	RAD51D_X7	2515	5102	5645	6715.0	7448	4635	5715.0	2985	5425	4018.0
chr17	35103471	35103473	RAD51D_X7	1218	2339	3071	3436.0	4404	2195	2581.0	1713	2417	1736.0
chr17	35103472	35103474	RAD51D_X7	716	1225	1657	1973.0	1902	1224	1416.0	863	1609	1004.0
chr17	35103473	35103475	RAD51D_X7	708	1625	1957	1838.0	2083	1145	1589.0	1030	1340	1136.0
chr17	35103474	35103476	RAD51D_X7	2018	4240	6188	5916.0	5987	3779	4944.0	2606	4211	3272.0
chr17	35103477	35103479	RAD51D_X7	907	2030	2492	3391.0	2511	1620	2791.0	982	1710	2100.0
chr17	35103478	35103480	RAD51D_X7	1534	5044	5588	6234.0	7577	4272	4960.0	3088	4999	3396.0
chr17	35103480	35103482	RAD51D_X7	1015	4410	5562	5489.0	5378	3462	4312.0	2027	3728	2686.0
chr17	35103482	35103484	RAD51D_X7	1037	2301	2978	3169.0	3508	2295	2417.0	1491	2847	1744.0
chr17	35103483	35103485	RAD51D_X7	988	2203	2438	2603.0	3024	1913	2349.0	1229	2241	1539.0
chr17	35103484	35103486	RAD51D_X7	836	2031	2135	2801.0	2808	1792	2524.0	1255	2171	1648.0
chr17	35103485	35103487	RAD51D_X7	1089	2829	3571	3670.0	3014	2203	2710.0	1266	2687	1895.0
chr17	35103486	35103488	RAD51D_X7	3641	9087	10453	11638.0	12526	8383	10609.0	4930	9099	7276.0
chr17	35103490	35103492	RAD51D_X7	3001	7664	8869	8931.0	9840	6235	7338.0	3474	6048	4960.0
chr17	35103492	35103494	RAD51D_X7	2542	6952	6684	7910.0	10499	5988	7394.0	3917	6288	4886.0
chr17	35103494	35103496	RAD51D_X7	920	3007	2579	3185.0	3996	1988	2872.0	1660	2285	1981.0
chr17	35103495	35103497	RAD51D_X7	1002	2510	2941	3014.0	3361	2406	2585.0	1428	2568	1680.0
chr17	35103496	35103498	RAD51D_X7	857	2640	2053	3054.0	3961	1099	2679.0	1657	1259	1741.0
chr17	35103497	35103499	RAD51D_X7	1326	3606	4039	4378.0	4407	2226	2436.0	1540	1953	1263.0
chr17	35103498	35103500	RAD51D_X7	1197	2546	3538	3593.0	2493	1867	1971.0	774	1734	970.0
chr17	35103499	35103501	RAD51D_X7	1171	2352	2472	3155.0	1041	577	573.0	436	526	324.0
chr17	35103500	35103502	RAD51D_X7	1275	2566	3657	4064.0	1623	701	597.0	544	645	458.0
chr17	35103501	35103503	RAD51D_X7	1352	2990	3640	3253.0	1725	797	738.0	633	810	334.0
chr17	35103502	35103504	RAD51D_X7	907	1888	2381	2494.0	1085	421	307.0	364	412	180.0
chr17	35103503	35103505	RAD51D_X7	720	1976	1801	2063.0	1087	280	422.0	434	297	287.0
chr17	35103504	35103506	RAD51D_X7	1085	2676	3511	3316.0	1364	793	525.0	396	735	276.0
chr17	35103505	35103507	RAD51D_X7	2056	5081	6019	6265.0	3791	2629	2880.0	1159	2364	1297.0
chr17	35103507	35103509	RAD51D_X7	2392	5489	7107	7133.0	4510	3206	3201.0	1579	3197	1424.0
chr17	35103510	35103512	RAD51D_X7	6856	17853	20892	22368.0	15074	8876	9400.0	4933	7784	4839.0
chr17	35103517	35103519	RAD51D_X7	1050	2858	3292	3932.0	4082	2803	4104.0	1795	3737	2876.0
chr17	35103518	35103520	RAD51D_X7	1604	4409	5303	5855.0	5949	4242	5402.0	2430	5092	3737.0
chr17	35103520	35103522	RAD51D_X7	808	1941	2583	3248.0	3961	2044	3126.0	1632	2276	2185.0
chr17	35103521	35103523	RAD51D_X7	1053	2393	3674	3635.0	3897	2527	2972.0	1583	2844	2082.0
chr17	35103522	35103524	RAD51D_X7	688	1971	2137	3194.0	2573	1762	2438.0	1146	1898	1903.0
chr17	35103523	35103525	RAD51D_X7	933	2091	2859	3638.0	2438	2579	3545.0	1165	2875	2300.0
chr17	35103524	35103526	RAD51D_X7	940	2348	2984	3274.0	3149	1827	3032.0	1431	2057	2177.0
chr17	35103525	35103527	RAD51D_X7	968	2562	2254	3295.0	4060	1620	2895.0	1945	1749	1984.0
chr17	35103526	35103528	RAD51D_X7	1041	3219	3732	4060.0	5050	2662	3350.0	2040	3649	2654.0
chr17	35103527	35103529	RAD51D_X7	1839	5410	6161	6578.0	6388	4466	5519.0	2995	5311	3995.0
chr17	35103529	35103531	RAD51D_X7	1056	2970	2795	3112.0	1380	440	658.0	459	394	354.0
chr17	35103530	35103532	RAD51D_X7	972	2578	3065	3395.0	4147	2605	3286.0	1660	3261	2418.0
chr17	35103531	35103533	RAD51D_X7	3538	10009	11670	13043.0	15126	8769	10844.0	6812	10990	7884.0
chr17	35103535	35103537	RAD51D_X7	1019	3162	3519	3496.0	4407	2891	3042.0	1921	3422	2200.0
chr17	35103536	35103538	RAD51D_X7	2009	5098	5941	6706.0	7194	4730	6675.0	3182	5589	4805.0
chr17	35103538	35103540	RAD51D_X7	919	2226	2544	3125.0	3333	2650	3064.0	1383	3255	2020.0
chr17	35103539	35103541	RAD51D_X7	944	2211	2624	3652.0	3203	2537	2879.0	1402	2873	2102.0
chr17	35103540	35103542	RAD51D_X7	820	2075	2233	2671.0	3084	1883	2551.0	1421	2261	1825.0
chr17	35103541	35103543	RAD51D_X7	1127	2768	2804	3831.0	3141	2595	3505.0	1253	3016	2384.0
chr17	35103542	35103544	RAD51D_X7	1995	5970	6468	7678.0	8936	4960	7234.0	4111	5507	4764.0
chr17	35103544	35103546	RAD51D_X7	921	2466	2586	2783.0	1037	1065	821.0	386	1122	488.0
chr17	35103545	35103547	RAD51D_X7	873	2290	2295	2359.0	1515	647	629.0	552	549	305.0
chr17	35103546	35103548	RAD51D_X7	933	2002	2066	2824.0	799	705	749.0	288	762	476.0
chr17	35103547	35103549	RAD51D_X7	1766	4576	5491	5905.0	6189	4001	4990.0	2528	5071	3262.0
chr17	35103549	35103551	RAD51D_X7	1956	4755	6360	6816.0	5644	4471	6086.0	2311	5167	4141.0
chr17	35103551	35103553	RAD51D_X7	1003	2606	2935	3445.0	4416	2264	2759.0	1842	2648	1916.0
chr17	35103552	35103554	RAD51D_X7	692	1771	2468	2167.0	2687	2093	1676.0	1206	2477	1215.0
chr17	35103553	35103555	RAD51D_X7	781	2891	2062	2678.0	4006	1342	2486.0	1673	1608	1970.0
chr17	35103554	35103556	RAD51D_X7	880	2422	2701	3712.0	4019	1832	2871.0	1927	2110	2091.0
chr17	35103555	35103557	RAD51D_X7	2006	5379	6232	7139.0	8094	5224	6179.0	3395	6072	4414.0
chr17	35103216	35103218	RAD51D_X8	5136	3029	4654	4876.0	5724	4499	4801.0	2728	3259	2771.0
chr17	35103220	35103222	RAD51D_X8	3013	1865	2699	2927.0	3971	2183	3096.0	1897	1638	1787.0
chr17	35103221	35103223	RAD51D_X8	4363	2620	4556	4112.0	4421	3157	4135.0	2113	2511	2300.0
chr17	35103222	35103224	RAD51D_X8	7348	5091	6147	6788.0	7750	6218	6727.0	4052	5049	3938.0
chr17	35103224	35103226	RAD51D_X8	3037	1652	2482	2745.0	2484	2335	2148.0	1122	1619	1062.0
chr17	35103225	35103227	RAD51D_X8	3589	2070	2820	2721.0	3949	2357	3737.0	1899	1899	2017.0
chr17	35103226	35103228	RAD51D_X8	4373	2781	3823	3840.0	4675	4109	4698.0	2595	3175	2787.0
chr17	35103227	35103229	RAD51D_X8	4380	2436	4905	3700.0	5370	4271	4610.0	2583	3319	2483.0
chr17	35103228	35103230	RAD51D_X8	3979	2414	4173	3784.0	4281	4206	4144.0	2113	3354	2494.0
chr17	35103229	35103231	RAD51D_X8	8576	5186	8306	7841.0	8329	7580	8035.0	4307	6033	4527.0
chr17	35103231	35103233	RAD51D_X8	3589	2159	3579	3318.0	4044	3017	3144.0	1710	2513	1803.0
chr17	35103232	35103234	RAD51D_X8	3290	2394	3585	3503.0	3669	3424	3639.0	1767	2845	2133.0
chr17	35103233	35103235	RAD51D_X8	3917	2361	3659	3241.0	4116	3092	3742.0	1922	2218	2257.0
chr17	35103234	35103236	RAD51D_X8	4393	2472	4107	4579.0	5490	3481	5172.0	2676	2620	3001.0
chr17	35103235	35103237	RAD51D_X8	3946	2804	3699	3326.0	4410	3439	4124.0	2223	2968	2091.0
chr17	35103236	35103238	RAD51D_X8	4115	2853	3999	3385.0	4569	3615	3887.0	1906	2940	2036.0
chr17	35103237	35103239	RAD51D_X8	3772	2367	3483	3406.0	4354	3170	3547.0	2159	2467	1839.0
chr17	35103238	35103240	RAD51D_X8	4477	2823	4784	4014.0	5424	4035	4234.0	2394	3105	2292.0
chr17	35103239	35103241	RAD51D_X8	4707	2917	4259	4083.0	5320	4476	4739.0	2791	3517	2585.0
chr17	35103240	35103242	RAD51D_X8	5015	3215	4898	5074.0	6276	4926	5271.0	2964	3842	3124.0
chr17	35103241	35103243	RAD51D_X8	4472	2959	4252	3823.0	3548	3791	3098.0	1680	3085	1776.0
chr17	35103242	35103244	RAD51D_X8	13588	8444	13306	12809.0	16214	14170	13521.0	8241	10945	7709.0
chr17	35103245	35103247	RAD51D_X8	9049	6171	8219	8491.0	10178	8351	9279.0	5225	6494	5083.0
chr17	35103247	35103249	RAD51D_X8	13238	8249	12608	11623.0	11629	9895	12027.0	5630	7660	6355.0
chr17	35103250	35103252	RAD51D_X8	4854	2863	4808	3904.0	222	306	431.0	63	133	153.0
chr17	35103251	35103253	RAD51D_X8	28936	16826	26392	24011.0	2777	1923	2797.0	928	784	1119.0
chr17	35103258	35103260	RAD51D_X8	4203	2485	3256	3395.0	339	224	264.0	91	79	48.0
chr17	35103259	35103261	RAD51D_X8	9069	5340	8223	7010.0	1405	1163	1510.0	401	406	455.0
chr17	35103261	35103263	RAD51D_X8	4542	2665	3815	3165.0	1338	1083	1127.0	336	489	324.0
chr17	35103262	35103264	RAD51D_X8	5408	3268	5055	4950.0	2151	1678	1832.0	661	830	544.0
chr17	35103263	35103265	RAD51D_X8	2925	1939	3382	3045.0	1969	1961	1982.0	669	1246	754.0
chr17	35103264	35103266	RAD51D_X8	3446	2245	3620	3231.0	1821	2078	1611.0	693	1288	658.0
chr17	35103265	35103267	RAD51D_X8	5226	3707	5582	4299.0	5246	3858	4492.0	2312	2358	2263.0
chr17	35103266	35103268	RAD51D_X8	4904	3297	5541	4191.0	4871	3789	4105.0	1989	2653	2066.0
chr17	35103267	35103269	RAD51D_X8	5133	3535	5723	5002.0	4455	4055	4166.0	2182	3074	2017.0
chr17	35103268	35103270	RAD51D_X8	3755	2541	4187	3752.0	4088	3548	4234.0	1976	2681	2503.0
chr17	35103269	35103271	RAD51D_X8	2924	1875	2982	2973.0	3125	2512	2890.0	1364	1844	1654.0
chr17	35103270	35103272	RAD51D_X8	4820	2986	4583	4350.0	4465	4197	4472.0	2118	3012	2423.0
chr17	35103271	35103273	RAD51D_X8	4319	2732	3976	3793.0	5179	3415	4130.0	2255	2192	2519.0
chr17	35103272	35103274	RAD51D_X8	3845	2711	3344	3342.0	3091	2663	3114.0	1469	1965	1647.0
chr17	35103273	35103275	RAD51D_X8	5061	3467	4703	3833.0	3955	3682	3750.0	1897	2809	1911.0
chr17	35103274	35103276	RAD51D_X8	5512	3913	5285	5097.0	4951	4546	5281.0	2277	3458	2928.0
chr17	35103275	35103277	RAD51D_X8	5784	3216	5242	5929.0	5818	4716	6101.0	2799	3615	3235.0
chr17	35103276	35103278	RAD51D_X8	6175	4585	6481	6163.0	7291	5320	6414.0	3592	4314	3835.0
chr17	35103277	35103279	RAD51D_X8	5312	3723	6091	6604.0	6927	4298	6249.0	3369	3224	3501.0
chr17	35103278	35103280	RAD51D_X8	6320	4326	6397	6387.0	4856	4682	5071.0	2061	3173	2571.0
chr17	35103279	35103281	RAD51D_X8	5158	3429	4980	4746.0	3743	3604	3765.0	1561	2515	2022.0
chr17	35103280	35103282	RAD51D_X8	5026	2689	4701	3754.0	324	357	292.0	97	176	92.0
chr17	35103282	35103284	RAD51D_X8	10116	6107	10507	9544.0	5875	4571	4928.0	1871	2525	1803.0
chr17	35103283	35103285	RAD51D_X8	4590	2974	4284	3699.0	2631	2255	2966.0	862	1617	1182.0
chr17	35103284	35103286	RAD51D_X8	8103	4870	6661	8078.0	4705	3421	4332.0	1698	2097	1803.0
chr17	35103289	35103291	RAD51D_X8	3571	1782	2738	2526.0	204	143	251.0	73	60	96.0
chr17	35103290	35103292	RAD51D_X8	10657	5096	7849	8003.0	781	578	756.0	350	252	295.0
chr17	35103292	35103294	RAD51D_X8	5174	2731	3603	3386.0	351	194	547.0	127	118	144.0
chr17	35103293	35103295	RAD51D_X8	5373	2710	3820	3612.0	386	273	402.0	98	144	91.0
chr17	35103294	35103296	RAD51D_X8	2396	1180	1881	1562.0	115	125	74.0	40	24	24.0
chr17	35103295	35103297	RAD51D_X8	5271	2807	4125	3488.0	722	307	745.0	274	114	333.0
chr17	35103296	35103298	RAD51D_X8	4421	2514	4029	3047.0	287	293	375.0	69	108	105.0
chr17	35103297	35103299	RAD51D_X8	4012	2261	3798	2696.0	226	238	177.0	106	75	36.0
chr17	35103298	35103300	RAD51D_X8	4363	2529	3887	3756.0	259	280	213.0	54	105	22.0
chr17	35103300	35103302	RAD51D_X8	10017	5373	8031	7422.0	794	567	858.0	363	216	303.0
chr17	35103301	35103303	RAD51D_X8	5414	2863	4524	3714.0	411	308	442.0	209	157	202.0
chr17	35103302	35103304	RAD51D_X8	5081	2825	4441	3611.0	460	445	377.0	205	170	139.0
chr17	35103304	35103306	RAD51D_X8	15606	8488	13380	11775.0	1450	1187	1637.0	459	462	661.0
chr17	35103307	35103309	RAD51D_X8	4706	2698	4009	4522.0	579	263	372.0	270	153	110.0
chr17	35103308	35103310	RAD51D_X8	23042	12419	18333	16938.0	2224	2079	2165.0	744	988	541.0
chr17	35103314	35103316	RAD51D_X8	2706	1082	1854	1960.0	208	144	161.0	54	24	55.0
chr17	35103315	35103317	RAD51D_X8	4670	2177	3078	3038.0	344	303	230.0	69	129	68.0
chr17	35103316	35103318	RAD51D_X8	4224	2357	3012	3204.0	801	518	834.0	231	163	250.0
chr17	35103317	35103319	RAD51D_X8	3207	1886	2312	2024.0	808	686	559.0	143	315	173.0
chr17	35103318	35103320	RAD51D_X8	5232	2778	4676	3668.0	1579	1693	1428.0	524	732	446.0
chr17	35103319	35103321	RAD51D_X8	4349	2362	3916	3984.0	2072	1286	2273.0	726	627	764.0
chr17	35103320	35103322	RAD51D_X8	3092	1939	1964	2921.0	1538	1332	1780.0	621	728	779.0
chr17	35103321	35103323	RAD51D_X8	3560	1691	3010	2784.0	1936	1637	1786.0	799	1109	856.0
chr17	35103322	35103324	RAD51D_X8	5047	2448	3593	4087.0	3722	3212	3741.0	1671	2413	1793.0
chr17	35103323	35103325	RAD51D_X8	5341	2666	3880	4410.0	477	427	448.0	90	231	147.0
chr17	35103324	35103326	RAD51D_X8	4548	2021	3852	3842.0	220	163	328.0	27	46	103.0
chr17	35103325	35103327	RAD51D_X8	8495	4506	6557	6025.0	721	725	786.0	238	312	368.0
chr17	35103327	35103329	RAD51D_X8	6606	3761	5354	6251.0	5900	3746	5797.0	2802	2876	3210.0
chr17	35103329	35103331	RAD51D_X8	33623	17389	27541	27278.0	27347	23580	23989.0	13685	18080	13531.0
chr17	35101286	35101288	RAD51D_X9A	847	377	353		59	305		47	448	
chr17	35101287	35101289	RAD51D_X9A	938	501	316		159	90		237	151	
chr17	35101288	35101290	RAD51D_X9A	753	244	316		233	93		301	70	
chr17	35101289	35101291	RAD51D_X9A	657	268	233		70	101		97	123	
chr17	35101290	35101292	RAD51D_X9A	777	361	409		121	171		52	91	
chr17	35101291	35101293	RAD51D_X9A	674	305	440		243	209		185	134	
chr17	35101292	35101294	RAD51D_X9A	1425	636	661		836	730		1379	1350	
chr17	35101294	35101296	RAD51D_X9A	865	422	601		602	841		1054	900	
chr17	35101295	35101297	RAD51D_X9A	1331	576	983		920	1440		1448	1963	
chr17	35101296	35101298	RAD51D_X9A	1672	705	1104		689	745		816	858	
chr17	35101297	35101299	RAD51D_X9A	934	511	563		335	428		297	292	
chr17	35101298	35101300	RAD51D_X9A	2535	1330	1375		377	536		309	902	
chr17	35101300	35101302	RAD51D_X9A	852	583	360		387	95		429	98	
chr17	35101301	35101303	RAD51D_X9A	1080	516	549		186	188		140	221	
chr17	35101302	35101304	RAD51D_X9A	2842	2086	2228		1505	1593		1438	1061	
chr17	35101305	35101307	RAD51D_X9A	1261	954	1125		1074	925		1306	917	
chr17	35101306	35101308	RAD51D_X9A	1427	1347	1529		1839	2004		4020	2953	
chr17	35101307	35101309	RAD51D_X9A	2120	1667	1508		2494	1790		4225	2530	
chr17	35101309	35101311	RAD51D_X9A	1656	1227	1304		1204	839		1038	655	
chr17	35101310	35101312	RAD51D_X9A	1614	1272	1362		1133	959		1281	808	
chr17	35101311	35101313	RAD51D_X9A	1419	915	1025		492	492		470	345	
chr17	35101312	35101314	RAD51D_X9A	1441	1057	1107		940	744		597	527	
chr17	35101314	35101316	RAD51D_X9A	1157	409	529		313	264		267	163	
chr17	35101315	35101317	RAD51D_X9A	1549	76	76		90	76		50	26	
chr17	35101318	35101320	RAD51D_X9A	1398	911	1338		860	1297		911	1198	
chr17	35101319	35101321	RAD51D_X9A	1107	1038	823		1845	1234		3203	1533	
chr17	35101320	35101322	RAD51D_X9A	1017	766	799		909	1177		1266	1092	
chr17	35101321	35101323	RAD51D_X9A	904	669	909		1032	1344		1338	1984	
chr17	35101322	35101324	RAD51D_X9A	889	790	623		1217	1132		2715	1678	
chr17	35101323	35101325	RAD51D_X9A	1250	935	1075		973	1219		1333	1825	
chr17	35101324	35101326	RAD51D_X9A	1094	962	874		1553	1315		3222	2667	
chr17	35101325	35101327	RAD51D_X9A	1309	1159	873		2744	1287		3883	2056	
chr17	35101326	35101328	RAD51D_X9A	1642	1341	1089		2166	1934		4378	3646	
chr17	35101327	35101329	RAD51D_X9A	1382	1316	1133		2888	1454		5942	2270	
chr17	35101330	35101332	RAD51D_X9A	4489	3816	4660		7345	7147		14293	12336	
chr17	35101335	35101337	RAD51D_X9A	1413	1246	1034		2212	1733		4445	2595	
chr17	35101336	35101338	RAD51D_X9A	1427	1207	1279		2806	1764		5433	2642	
chr17	35101337	35101339	RAD51D_X9A	1755	1286	1772		3182	2470		5925	4180	
chr17	35101338	35101340	RAD51D_X9A	1360	980	1414		2227	1890		4537	3387	
chr17	35101339	35101341	RAD51D_X9A	1784	1501	1385		1953	1877		3119	2719	
chr17	35101340	35101342	RAD51D_X9A	1130	920	997		1787	1574		3377	2848	
chr17	35101341	35101343	RAD51D_X9A	1627	1585	1440		2878	2139		5858	3387	
chr17	35101342	35101344	RAD51D_X9A	1595	1579	1468		2758	2169		5404	3835	
chr17	35101343	35101345	RAD51D_X9A	1949	1333	1682		2050	2182		3966	3872	
chr17	35101344	35101346	RAD51D_X9A	1480	1555	1143		2527	1782		4352	3048	
chr17	35101345	35101347	RAD51D_X9A	1618	1106	1490		1911	2162		3662	3416	
chr17	35101346	35101348	RAD51D_X9A	1627	1285	1376		1897	1870		3569	2449	
chr17	35101347	35101349	RAD51D_X9A	1968	1659	1490		3063	2127		5903	3267	
chr17	35101348	35101350	RAD51D_X9A	1389	1064	1270		1554	1766		2939	2690	
chr17	35101349	35101351	RAD51D_X9A	2402	1792	2145		3147	3169		5966	5097	
chr17	35101350	35101352	RAD51D_X9A	3484	2685	3303		4108	4762		6603	6967	
chr17	35101352	35101354	RAD51D_X9A	1926	1507	1743		3020	2375		5756	4284	
chr17	35101353	35101355	RAD51D_X9A	2442	1533	1918		3157	2382		4697	3184	
chr17	35101354	35101356	RAD51D_X9A	5647	4416	5291		7451	7324		12946	10297	
chr17	35101357	35101359	RAD51D_X9A	3721	2957	3373		1731	955		2019	995	
chr17	35101359	35101361	RAD51D_X9A	4072	2748	2946		1003	1060		1183	1330	
chr17	35101361	35101363	RAD51D_X9A	1779	1144	1608		355	523		373	917	
chr17	35101362	35101364	RAD51D_X9A	2115	1346	1520		500	637		410	1098	
chr17	35101363	35101365	RAD51D_X9A	4124	2519	3167		991	1022		1200	1322	
chr17	35101365	35101367	RAD51D_X9A	2159	1395	1519		478	794		1114	982	
chr17	35101366	35101368	RAD51D_X9A	4095	2636	3182		1428	952		1943	1110	
chr17	35101368	35101370	RAD51D_X9A	9275	7259	7826		12750	10627		25778	18515	
chr17	35101373	35101375	RAD51D_X9A	3047	2797	2605		4701	3663		8009	5622	
chr17	35101375	35101377	RAD51D_X9A	1489	1514	1447		2666	1795		4666	2481	
chr17	35101376	35101378	RAD51D_X9A	2132	1811	2105		3614	2823		6715	4254	
chr17	35101378	35101380	RAD51D_X9A	1021	867	478		1381	1160		2437	1914	
chr17	35101379	35101381	RAD51D_X9A	930	578	700		833	1115		2381	1833	
chr17	35101380	35101382	RAD51D_X9A	1635	1285	1497		2345	1903		5300	3139	
chr17	35101381	35101383	RAD51D_X9A	1278	1245	1248		1870	1692		3252	2471	
chr17	35101382	35101384	RAD51D_X9A	1297	881	1112		1752	1725		3452	2694	
chr17	35101383	35101385	RAD51D_X9A	1981	1426	1548		2457	2078		4878	3502	
chr17	35101384	35101386	RAD51D_X9A	1855	1360	1502		2210	2076		3844	3646	
chr17	35101385	35101387	RAD51D_X9A	1820	1628	1606		2847	2194		6720	3717	
chr17	35101386	35101388	RAD51D_X9A	1415	1034	1085		2006	2089		4788	3285	
chr17	35101387	35101389	RAD51D_X9A	1413	1254	1205		1876	1779		2848	3039	
chr17	35101388	35101390	RAD51D_X9A	2061	1499	1930		2302	2875		4652	4729	
chr17	35101389	35101391	RAD51D_X9A	1733	1162	1439		1925	2365		3570	4157	
chr17	35101390	35101392	RAD51D_X9A	1720	1593	1819		2777	2408		6305	4666	
chr17	35101391	35101393	RAD51D_X9A	2056	1756	2010		3962	3131		6284	5379	
chr17	35101392	35101394	RAD51D_X9A	1321	1090	1028		1802	1884		3162	3309	
chr17	35101393	35101395	RAD51D_X9A	4118	3372	4021		7043	6303		12056	10002	
chr17	35101396	35101398	RAD51D_X9A	950	678	748		1491	1374		2602	2171	
chr17	35101397	35101399	RAD51D_X9A	2380	1555	2009		3114	3311		5338	5148	
chr17	35101399	35101401	RAD51D_X9A	899	779	919		1607	1366		3283	2580	
chr17	35101400	35101402	RAD51D_X9A	2864	2497	2534		4630	3935		8591	6662	
chr17	35101178	35101180	RAD51D_X9B	1379	1926	978	581.0	1577	2273	2625.0	3013	4347	2116.0
chr17	35101181	35101183	RAD51D_X9B	2932	3820	1917	994.0	3040	5261	4436.0	7369	8557	4543.0
chr17	35101184	35101186	RAD51D_X9B	1442	1949	925	495.0	1486	2389	2214.0	3515	4461	2063.0
chr17	35101186	35101188	RAD51D_X9B	1168	1359	566	322.0	1093	1759	1531.0	2542	3412	1633.0
chr17	35101187	35101189	RAD51D_X9B	1872	2567	916	685.0	1825	2422	3198.0	3931	6197	2834.0
chr17	35101188	35101190	RAD51D_X9B	3598	4121	1867	1262.0	3310	4668	6169.0	7261	9800	5469.0
chr17	35101190	35101192	RAD51D_X9B	2172	2494	977	712.0	1997	2671	3444.0	4350	6607	3191.0
chr17	35101191	35101193	RAD51D_X9B	3338	3693	1740	1170.0	2981	4371	4921.0	6632	9549	4591.0
chr17	35101193	35101195	RAD51D_X9B	1266	1566	552	420.0	1320	1342	2146.0	2215	3454	1954.0
chr17	35101194	35101196	RAD51D_X9B	1558	1773	818	535.0	1213	2215	2686.0	3555	3680	2357.0
chr17	35101195	35101197	RAD51D_X9B	2010	2460	1301	712.0	1863	3042	3607.0	5018	5458	3183.0
chr17	35101196	35101198	RAD51D_X9B	1998	2490	1133	635.0	1233	2140	1967.0	2840	3150	1588.0
chr17	35101197	35101199	RAD51D_X9B	1595	1981	1053	509.0	1206	2110	2151.0	3312	3582	1812.0
chr17	35101198	35101200	RAD51D_X9B	3682	4263	1913	1299.0	2451	4450	4371.0	6168	6270	3435.0
chr17	35101200	35101202	RAD51D_X9B	2221	2376	1207	695.0	1383	1757	2065.0	2088	3998	1527.0
chr17	35101201	35101203	RAD51D_X9B	1222	1312	678	376.0	797	1213	1163.0	1362	1771	919.0
chr17	35101202	35101204	RAD51D_X9B	1444	1577	895	410.0	1220	1970	1532.0	2093	3092	1208.0
chr17	35101203	35101205	RAD51D_X9B	3077	3120	1517	972.0	925	1413	1050.0	1747	1813	601.0
chr17	35101205	35101207	RAD51D_X9B	1580	1478	834	540.0	407	674	584.0	935	1372	286.0
chr17	35101206	35101208	RAD51D_X9B	1948	1732	957	521.0	659	893	299.0	1295	1828	186.0
chr17	35101207	35101209	RAD51D_X9B	1229	1524	467	378.0	423	477	572.0	502	924	343.0
chr17	35101208	35101210	RAD51D_X9B	4165	4196	2235	1321.0	1405	2302	1678.0	2714	3507	1033.0
chr17	35101211	35101213	RAD51D_X9B	2093	2156	1006	619.0	536	793	617.0	1177	1237	486.0
chr17	35101212	35101214	RAD51D_X9B	1734	1700	895	425.0	442	521	444.0	680	1313	217.0
chr17	35101213	35101215	RAD51D_X9B	1828	1925	888	481.0	649	976	703.0	1236	1273	411.0
chr17	35101214	35101216	RAD51D_X9B	1741	2018	1151	540.0	520	1152	642.0	1372	1119	478.0
chr17	35101215	35101217	RAD51D_X9B	1693	1984	854	517.0	450	643	539.0	866	1167	381.0
chr17	35101216	35101218	RAD51D_X9B	1244	1736	957	436.0	1171	2101	2019.0	3368	3790	2144.0
chr17	35101217	35101219	RAD51D_X9B	1252	1493	646	498.0	1321	1574	1982.0	2716	4394	1881.0
chr17	35101218	35101220	RAD51D_X9B	2023	2316	1273	639.0	1175	2291	2023.0	2839	3210	1564.0
chr17	35101219	35101221	RAD51D_X9B	1949	2271	1380	660.0	1694	3081	2789.0	5086	4702	2924.0
chr17	35101220	35101222	RAD51D_X9B	1689	1930	907	479.0	876	1297	1243.0	1326	2085	751.0
chr17	35101221	35101223	RAD51D_X9B	1475	2050	839	472.0	1235	2111	2427.0	3668	4153	2066.0
chr17	35101222	35101224	RAD51D_X9B	1324	1998	588	411.0	1408	1621	1946.0	2677	4225	1660.0
chr17	35101223	35101225	RAD51D_X9B	1655	1925	860	524.0	1459	2074	2528.0	3561	5050	2375.0
chr17	35101224	35101226	RAD51D_X9B	1615	1990	971	540.0	1449	2327	2843.0	3361	4418	2464.0
chr17	35101225	35101227	RAD51D_X9B	3188	4462	2108	1168.0	3384	5444	5417.0	9036	10445	5472.0
chr17	35101227	35101229	RAD51D_X9B	1763	2401	1113	627.0	1774	2715	2967.0	4532	5430	2939.0
chr17	35101228	35101230	RAD51D_X9B	1164	1695	827	480.0	1353	1932	2075.0	3011	3740	2025.0
chr17	35101229	35101231	RAD51D_X9B	1782	2376	908	696.0	1859	2927	3294.0	3998	6252	3293.0
chr17	35101230	35101232	RAD51D_X9B	1516	2171	1062	523.0	1451	3562	2592.0	5902	5025	2639.0
chr17	35101231	35101233	RAD51D_X9B	2125	3505	1353	819.0	2716	3506	4312.0	5840	9347	3999.0
chr17	35101235	35101237	RAD51D_X9B	8728	12444	5032	3332.0	8649	12778	15492.0	21274	26821	15172.0
chr17	35101241	35101243	RAD51D_X9B	1609	1738	1014	667.0	1521	2890	2807.0	4523	4597	2801.0
chr17	35101242	35101244	RAD51D_X9B	2686	3921	1597	859.0	2530	3995	4501.0	6162	8178	4449.0
chr17	35101243	35101245	RAD51D_X9B	3607	5053	2360	1303.0	4042	6460	6491.0	9691	12808	6069.0
chr17	35101246	35101248	RAD51D_X9B	3610	4413	2223	1298.0	3361	4977	6000.0	8231	10004	5781.0
chr17	35101248	35101250	RAD51D_X9B	5834	7480	3609	2160.0	5964	9835	9823.0	15682	18384	9719.0
chr17	35101251	35101253	RAD51D_X9B	5652	7404	3412	1852.0	5581	7417	9411.0	11312	16563	8987.0
chr17	35101254	35101256	RAD51D_X9B	3372	4470	1870	1144.0	3786	4785	5133.0	7678	10610	5025.0
chr17	35101256	35101258	RAD51D_X9B	1874	2453	1016	654.0	1856	2829	3170.0	4209	6736	3070.0
chr17	35101257	35101259	RAD51D_X9B	3090	3735	1965	1163.0	2787	4909	5745.0	7588	9078	5647.0
chr17	35101259	35101261	RAD51D_X9B	1339	1710	940	499.0	1437	2312	2040.0	3446	4293	2078.0
chr17	35101260	35101262	RAD51D_X9B	1130	1502	521	293.0	874	926	1486.0	1690	2471	1673.0
chr17	35101261	35101263	RAD51D_X9B	2675	2963	1483	841.0	2754	4262	3980.0	6605	7870	4008.0
chr17	35101263	35101265	RAD51D_X9B	3338	3941	1845	1030.0	3135	5016	4807.0	7731	9467	4941.0
chr17	35101266	35101268	RAD51D_X9B	1988	3016	1344	709.0	2252	3868	2976.0	5296	6230	2692.0
chr17	35101267	35101269	RAD51D_X9B	1445	1539	782	438.0	1463	2122	1839.0	3425	4461	1871.0
chr17	35101268	35101270	RAD51D_X9B	1580	1827	863	545.0	1546	2041	2284.0	3053	4325	2261.0
chr17	35101269	35101271	RAD51D_X9B	1505	1900	765	556.0	1146	1493	2116.0	2172	2923	1940.0
chr17	35101270	35101272	RAD51D_X9B	1262	1488	778	355.0	700	1083	871.0	1179	2111	836.0
chr17	35101271	35101273	RAD51D_X9B	4569	4864	2591	1389.0	2429	3521	3063.0	4584	5875	2252.0
chr17	35101274	35101276	RAD51D_X9B	3207	4062	1913	982.0	1996	2402	2342.0	2643	4970	1570.0
chr17	35101276	35101278	RAD51D_X9B	1914	2048	828	617.0	777	905	891.0	975	1767	510.0
chr17	35101277	35101279	RAD51D_X9B	1855	2369	1070	533.0	841	897	976.0	518	946	324.0
chr17	35101278	35101280	RAD51D_X9B	1682	1628	805	570.0	475	910	479.0	879	768	193.0
chr17	35101279	35101281	RAD51D_X9B	1557	1704	786	404.0	559	630	502.0	590	1564	278.0
chr17	35101280	35101282	RAD51D_X9B	2106	1949	848	634.0	403	904	475.0	1094	1033	260.0
chr17	35101281	35101283	RAD51D_X9B	1952	2185	840	529.0	500	1007	625.0	1166	1075	419.0
chr17	35101282	35101284	RAD51D_X9B	1535	1490	749	474.0	499	458	385.0	507	911	304.0
chr17	35101283	35101285	RAD51D_X9B	1315	1356	567	470.0	306	428	440.0	699	770	317.0
chr17	35101284	35101286	RAD51D_X9B	5088	5782	2527	1513.0	1634	2358	1633.0	2925	4269	1038.0
chr17	35101287	35101289	RAD51D_X9B	3181	3023	1311	823.0	1002	1371	954.0	1802	2319	712.0
chr17	35101288	35101290	RAD51D_X9B	2956	3157	1743	994.0	789	1503	1000.0	1863	2208	560.0
chr17	35101289	35101291	RAD51D_X9B	2165	2326	1273	708.0	595	1212	735.0	1452	1224	472.0
chr17	35101290	35101292	RAD51D_X9B	2060	2099	1082	607.0	785	1073	929.0	1098	1545	561.0
chr17	35101291	35101293	RAD51D_X9B	1498	2224	781	461.0	850	1014	932.0	1110	1738	564.0
chr17	35101292	35101294	RAD51D_X9B	2859	3249	1535	1120.0	2505	3568	3963.0	4039	5890	2993.0
chr17	35101294	35101296	RAD51D_X9B	956	1247	505	382.0	950	1129	1436.0	1409	2202	1103.0
chr17	35101295	35101297	RAD51D_X9B	1182	1230	645	430.0	871	1422	1440.0	1803	2354	1296.0
chr17	35101296	35101298	RAD51D_X9B	2113	2905	1099	694.0	1299	1905	2096.0	2052	3104	1562.0
chr17	35101297	35101299	RAD51D_X9B	1924	2069	968	623.0	945	1403	1279.0	2002	2040	960.0
chr17	35101298	35101300	RAD51D_X9B	1936	2187	1062	652.0	681	841	668.0	862	1955	341.0
chr17	35100941	35100943	RAD51D_X10	1742	1319	1128	1235.0	1265	1628	1011.0	1296	1846	1077.0
chr17	35100944	35100946	RAD51D_X10	3175	2155	2691	2000.0	2627	2447	2047.0	2539	3366	2006.0
chr17	35100947	35100949	RAD51D_X10	987	654	851	884.0	528	500	760.0	651	696	672.0
chr17	35100948	35100950	RAD51D_X10	1121	1180	720	674.0	1092	541	602.0	966	818	703.0
chr17	35100949	35100951	RAD51D_X10	1255	1037	948	1114.0	584	993	682.0	706	1272	817.0
chr17	35100950	35100952	RAD51D_X10	880	624	698	541.0	620	573	502.0	590	761	457.0
chr17	35100951	35100953	RAD51D_X10	696	442	678	617.0	339	218	336.0	322	451	299.0
chr17	35100952	35100954	RAD51D_X10	851	718	535	736.0	525	292	316.0	454	516	256.0
chr17	35100953	35100955	RAD51D_X10	3750	2719	3313	2290.0	1596	1549	1205.0	1225	1938	872.0
chr17	35100955	35100957	RAD51D_X10	1616	1903	985	1451.0	917	993	745.0	740	1048	519.0
chr17	35100956	35100958	RAD51D_X10	1960	1485	1157	1243.0	1639	1548	1406.0	1523	2479	1334.0
chr17	35100957	35100959	RAD51D_X10	904	710	1087	588.0	666	753	739.0	788	1272	622.0
chr17	35100958	35100960	RAD51D_X10	1692	1106	1553	1013.0	1337	1660	1200.0	1316	2373	1191.0
chr17	35100959	35100961	RAD51D_X10	2386	2169	2336	1764.0	1929	1880	1530.0	1796	2588	1505.0
chr17	35100960	35100962	RAD51D_X10	4063	4286	4137	3255.0	3900	3784	2914.0	3579	4858	2890.0
chr17	35100962	35100964	RAD51D_X10	3015	2450	2336	2597.0	2206	2325	2235.0	2300	3338	1879.0
chr17	35100964	35100966	RAD51D_X10	3326	3489	3757	2486.0	2572	3114	2421.0	2600	4701	2358.0
chr17	35100966	35100968	RAD51D_X10	2248	2447	1966	1482.0	2013	1817	1484.0	1882	2691	1613.0
chr17	35100967	35100969	RAD51D_X10	1769	1397	1502	1186.0	1562	1411	1245.0	1622	1988	1253.0
chr17	35100968	35100970	RAD51D_X10	1781	1409	1146	1658.0	1407	891	1126.0	1288	1388	1044.0
chr17	35100969	35100971	RAD51D_X10	908	526	862	712.0	515	774	622.0	462	1264	568.0
chr17	35100970	35100972	RAD51D_X10	1297	1429	1091	1350.0	1126	923	836.0	1214	1259	1130.0
chr17	35100971	35100973	RAD51D_X10	2216	2380	2994	1884.0	1628	2239	1968.0	1591	3148	1876.0
chr17	35100973	35100975	RAD51D_X10	1386	1404	1524	912.0	1418	953	776.0	1403	1727	994.0
chr17	35100974	35100976	RAD51D_X10	1560	1591	1430	1232.0	1158	2066	1392.0	1260	2722	1351.0
chr17	35100975	35100977	RAD51D_X10	2449	1998	2374	2044.0	1773	2342	1615.0	1777	3806	1465.0
chr17	35100977	35100979	RAD51D_X10	1688	1885	1695	1076.0	1649	1576	1117.0	1588	2175	1197.0
chr17	35100978	35100980	RAD51D_X10	1615	1480	1855	1178.0	1308	1657	1685.0	1250	2393	1474.0
chr17	35100979	35100981	RAD51D_X10	2376	2783	2334	2078.0	2421	2019	1583.0	2727	3051	1633.0
chr17	35100980	35100982	RAD51D_X10	1297	1737	1101	992.0	1067	906	927.0	938	1380	972.0
chr17	35100981	35100983	RAD51D_X10	1528	1265	1564	1164.0	1319	1209	1017.0	1118	1523	1159.0
chr17	35100982	35100984	RAD51D_X10	1368	1204	809	1107.0	1070	1018	738.0	987	1370	841.0
chr17	35100983	35100985	RAD51D_X10	5404	5611	5184	4246.0	4612	3646	3872.0	4626	5865	4050.0
chr17	35100986	35100988	RAD51D_X10	2328	1782	2241	2121.0	1788	1944	1629.0	1547	2891	1849.0
chr17	35100987	35100989	RAD51D_X10	1531	1089	1334	820.0	1114	1260	825.0	913	1908	714.0
chr17	35100988	35100990	RAD51D_X10	2058	1860	2063	1688.0	2102	1561	1305.0	2027	2306	1303.0
chr17	35100989	35100991	RAD51D_X10	1671	2024	2259	1464.0	1683	2237	1530.0	1595	2987	1505.0
chr17	35100990	35100992	RAD51D_X10	2786	3002	3021	2809.0	2731	3005	2499.0	2663	4447	2476.0
chr17	35100993	35100995	RAD51D_X10	2399	2609	3297	2030.0	2918	3156	1858.0	2806	4568	1822.0
chr17	35100994	35100996	RAD51D_X10	1541	1642	2120	1535.0	1844	1563	1331.0	2032	2597	1581.0
chr17	35100995	35100997	RAD51D_X10	1688	1699	2399	1370.0	2151	2057	1295.0	2124	2888	1450.0
chr17	35100998	35101000	RAD51D_X10	1698	1774	2006	2015.0	1887	2178	1854.0	1780	3350	2086.0
chr17	35100999	35101001	RAD51D_X10	1925	2700	3043	2136.0	1944	2549	1829.0	2039	3731	2015.0
chr17	35101000	35101002	RAD51D_X10	1969	2786	2243	1609.0	2139	1961	1838.0	1999	2953	1559.0
chr17	35101001	35101003	RAD51D_X10	2134	2774	2778	2185.0	2464	2047	1605.0	2275	3442	1575.0
chr17	35101002	35101004	RAD51D_X10	1231	1419	1409	1363.0	1062	911	897.0	1007	1278	1044.0
chr17	35101003	35101005	RAD51D_X10	2043	1955	2334	1759.0	2060	2033	1821.0	1763	3232	1894.0
chr17	35101004	35101006	RAD51D_X10	2282	2155	2851	1779.0	2172	2686	1531.0	2049	3551	1656.0
chr17	35101005	35101007	RAD51D_X10	1778	1681	2215	1744.0	1564	1971	1530.0	1483	2939	1756.0
chr17	35101006	35101008	RAD51D_X10	1059	1570	1224	858.0	1351	1259	828.0	1318	2057	1061.0
chr17	35101007	35101009	RAD51D_X10	1514	1534	2059	1239.0	1400	1928	1330.0	1471	2645	1189.0
chr17	35101008	35101010	RAD51D_X10	1277	1559	1621	1135.0	1680	1758	1138.0	1386	2412	1115.0
chr17	35101009	35101011	RAD51D_X10	1653	1989	1958	980.0	1710	1258	1141.0	1502	1508	926.0
chr17	35101010	35101012	RAD51D_X10	742	895	1144	522.0	941	973	748.0	862	1063	619.0
chr17	35101011	35101013	RAD51D_X10	1602	2157	2260	1579.0	1593	2523	1249.0	1458	3632	1403.0
chr17	35101012	35101014	RAD51D_X10	2825	3663	2731	2905.0	2743	2982	2496.0	2802	4122	2522.0
chr17	35101014	35101016	RAD51D_X10	2367	2706	2807	2577.0	2292	2387	2361.0	2181	3142	2378.0
chr17	35101016	35101018	RAD51D_X10	1204	1829	1513	1043.0	1419	1321	1023.0	1466	2031	1037.0
chr17	35101018	35101020	RAD51D_X10	388	653	802	540.0	513	600	344.0	621	763	333.0
chr17	35101019	35101021	RAD51D_X10	4041	4597	5861	4672.0	4290	4464	3188.0	3994	6623	3604.0
chr17	35101022	35101024	RAD51D_X10	1086	1619	1802	1293.0	1217	1567	1167.0	1457	2651	1211.0
chr17	35101024	35101026	RAD51D_X10	2301	2718	3374	2780.0	1980	2138	2045.0	1933	2835	1679.0
chr17	35101025	35101027	RAD51D_X10	2166	3011	2671	2276.0	2702	1970	1989.0	3358	3010	1656.0
chr17	35101026	35101028	RAD51D_X10	1055	1550	1612	1234.0	1362	1185	1029.0	1359	1699	992.0
chr17	35101027	35101029	RAD51D_X10	1540	1821	1908	1481.0	1979	1162	982.0	1527	1588	939.0
chr17	35101028	35101030	RAD51D_X10	2424	2929	2973	2707.0	2234	1934	2199.0	2091	3058	2067.0
chr17	35101029	35101031	RAD51D_X10	1963	1400	1965	1551.0	1656	1792	1121.0	1554	2577	1255.0
chr17	35101030	35101032	RAD51D_X10	527	594	645	670.0	542	814	422.0	393	1059	416.0
chr17	35101031	35101033	RAD51D_X10	3088	3676	3778	3015.0	3068	3266	2398.0	2566	4718	2411.0
chr17	35101034	35101036	RAD51D_X10	2023	2238	2564	2220.0	2068	2159	1682.0	1961	3074	1520.0
chr17	35101035	35101037	RAD51D_X10	1977	2337	2792	2000.0	2334	2009	1658.0	1873	2837	1423.0
chr17	35101036	35101038	RAD51D_X10	3052	4004	4048	2929.0	3203	3752	2499.0	2621	5361	2255.0
chr17	35101038	35101040	RAD51D_X10	1412	1709	1639	1298.0	1427	1928	980.0	1190	2539	963.0
chr17	35101039	35101041	RAD51D_X10	1718	2347	2157	2284.0	1601	2138	1624.0	1538	2894	1605.0
chr17	35101040	35101042	RAD51D_X10	11477	14444	14317	11098.0	12712	12978	10681.0	12880	18393	10412.0
chr17	35101048	35101050	RAD51D_X10	2454	2947	3218	2588.0	3182	2874	2629.0	3041	4435	2794.0
chr17	35101050	35101052	RAD51D_X10	933	1495	1729	998.0	908	1362	1003.0	813	2454	853.0
chr17	35101051	35101053	RAD51D_X10	1104	1425	1127	1272.0	1531	1479	1046.0	1482	2294	1239.0
chr17	35101052	35101054	RAD51D_X10	4629	5247	5275	4572.0	4592	5294	3722.0	4342	7747	4017.0
chr17	35101055	35101057	RAD51D_X10	807	756	689	882.0	627	413	565.0	682	920	519.0
chr17	35101056	35101058	RAD51D_X10	1287	1586	2168	1340.0	1379	1879	1135.0	1138	2394	1118.0
chr17	35101057	35101059	RAD51D_X10	796	847	865	690.0	643	757	701.0	523	1035	570.0
